review_id,order_id,sentiment,topic,urgency,summary_en,provider
3ff8285931cc9b54c9ad22ba78957f63,e6b23db78d4473c921fb9315e04b5c0f,negative,wrong_or_missing_item,high,"Ordered two items, received only one, no response.",ollama
bbb937e9c2b62a2205af03e8a7fed42b,0ba01684638233b0955369c3ccbdb414,negative,not_received,high,"Watch not received, promised delivery did not happen.",ollama
9ee1b9577cf8288c192d2060101e1db4,23bd3ea8478099ea89638b5514a1198b,negative,damaged_or_defective,medium,"Printing quality is poor, not as described.",ollama
48d11bf3ae64fd9629f1f3bcafccf012,f00f18b889a2223a359c04fb790de5c9,negative,quality_not_as_described,high,"Product not original, base in wrong container.",ollama
c0768e26a52bd7869ab941e5bfef9a14,510d5ab9d1299666e8dadb24d137209d,positive,praise,low,"Product quality good, recommend it.",ollama
653ba0acdd44d5817cece9edb11262b8,a8b6cffc34d25d7c6dea874c364232f6,positive,seller_service,low,"Product arrived early, good quality.",ollama
385a950b97d99b4f95d6196ef8b4f1c8,00a9536682ecb394a3794c1608200803,positive,quality_not_as_described,low,Good quality product.,ollama
1d24c337156d41b1bbcdceee67212aba,5fd42e84b68c024a8dca0dbd781279aa,negative,wrong_or_missing_item,medium,"Product wrong voltage, needs replacement.",ollama
b6a1ae898e45b906325c9bedeb7f0d19,e1b535bf997fc6ff4e8ef4de0b0f3f6c,neutral,not_received,medium,"Product not delivered, had to pick up.",ollama
739b79a48f04271cb61a92a7af40b465,d14be34d97ddedb3f0b7379757f862ae,positive,praise,low,"Good quality product, recommend it.",ollama
bb3f0d964070721c2753334d21e4a465,0cdc602941468800cf63d3385e750f8e,positive,other,low,"Good delivery, no issues.",ollama
130a29813a84aed33c6fba3dfe34c18d,21af570a43e64c302adcbe61ad045303,positive,praise,low,Correct and well packaged product.,ollama
a1f066d07030449db926c4a74c43180b,7f40bccfad4d1884bacd6cb9d10e84e1,positive,other,low,"Good quality, but size issue.",ollama
f1c9e376239b1e3145c0c44f24e9f41f,f8255f2c9dfe786bd8418b4a121bb914,neutral,wrong_or_missing_item,medium,Missing one luminaire in the order.,ollama
08583ca89a82fe5d444ba1ea74207d09,ff3a45ee744a7c1f8096d2e72c1a23e4,positive,praise,low,"Good product, mother loved it.",ollama
4056b7f9e9c1a158d122a0460f59fedb,95d8c6b4c0b7c33f86f75fa4e0a74594,neutral,late_delivery,medium,Delivery issues with the post office.,ollama
fe1aad5c0dd87fd4e66e008a98b77ad2,47cf7e28d8f434cd6a3f4825953cdbac,positive,other,low,"Good delivery, on time.",ollama
14d1da977f444b14df5ab717636fac7c,11ac4935b48d92b0e8d9b2176da04d80,negative,seller_service,high,"Failed to cancel order, want refund.",ollama
89ab5e140a31b666f8036f663cd94e84,e275c17fb8425498234a98fce0ae9a38,neutral,late_delivery,low,"Long delivery time, but bought anyway.",ollama
a872165a8be38e1a48615d0b38cd4a34,de28a54bc18433e783cbc37da59763e1,negative,damaged_or_defective,high,"Broken and non-functional product, couldn't find order.",ollama
38d0c8c8a7ae5eedd6a5d3afc87b72aa,7e6a1834b0545ebda67a051d04ef8ca9,negative,late_delivery,high,"Long wait, still no product received",ollama
89d00006ae17938866ed70830c845fbb,fdf440c2e9c4b940d8bac16acb13c7c0,negative,quality_not_as_described,low,Bags are smaller than shown,ollama
b6d40e8a14e4adb86cd9711a0da72ec6,50b564817ab0fefea06f362f54944b80,positive,praise,low,"Love the product, successful delivery",ollama
3d89b9e607b9b5c61d3f6137450a07aa,2739ecbc7e87995e0d2efb6f603f6c2c,negative,late_delivery,high,Still waiting for the product,ollama
e4990f80c481d4cea80349585ffaf4e8,4a28fe31d1808616ef3925084765c8b3,negative,wrong_or_missing_item,medium,Only received one of two ordered,ollama
2f220637f1bc9636084c3f66f1c6f66f,7a1b04571b7a200f334cf7a4ab4c918c,positive,seller_service,low,"Great delivery, fast",ollama
79dcf23d0e5af84254760b5e8af526fa,6ba5ec180235f8b95042925408ed3bd0,negative,seller_service,medium,"Received wrong items, extra shipping",ollama
d22b4fddc51c016d60001d8d0022e235,c771032d318005136655d3e3bf60bf54,neutral,not_received,high,"Cannot rate, still waiting",ollama
5849ab48269292920477dbe2cf734707,b102b42cde7719ae4b7c0163cf4d7dbe,negative,wrong_or_missing_item,medium,Wrong size received,ollama
66aefb6f3ed64c7e67847a52b4eab2c5,cd2b64ece8152d14bfbd040bfe7502fb,positive,quality_not_as_described,low,"Good price, excellent quality",ollama
5735e8c8acf5350b4a35e165a25ee965,c9532b497ba2f82f14eeb95a2a0288ac,positive,other,low,Everything as expected.,ollama
f49ea8aa6eb53bdd29e18cb2f9bbecc0,ff8bf9c080a3d7c12864f7eba1fdd0c2,negative,seller_service,medium,Expected replacement not provided.,ollama
f55deb713abe4b2201dd191597d9f2a0,fa21f82ef6bb86d2dbc878354e1df49d,negative,wrong_or_missing_item,high,Only one unit of three ordered received.,ollama
bd92887eb5ba131717dbdf2b4baf7b33,66994eeab784295199193619ce33b765,neutral,quality_not_as_described,low,Product close to expiration date.,ollama
2837b557a010319613a8295e28d5c235,d67ab4b4a971f5584ab838fa8ed37d34,positive,quality_not_as_described,low,"Excellent product, fast delivery.",ollama
30af4cf750861bb36bd3d64a8adbe004,fddcad3001f22880b74b21a7fd8fce1b,negative,not_received,high,Did not receive ordered product.,ollama
e64eac1208b113121a3a3b095e87201e,ee3565d2a50b87870c5b752412c360e6,positive,late_delivery,low,Delivered early and well packed.,ollama
dad23b914fea67b3529c5a7cbbb29e55,9d7a96279b14559afb68ea97f4767f33,positive,praise,low,Loved my purchases.,ollama
c9f528e0824434d84763669cc0e9d352,20aff577f80dd98ac1b754e482d0f0cf,negative,not_received,high,"Did not receive ordered product, want refund.",ollama
d446179fd261b0d1913dfeaf2dcf4ad3,fc4751be4b35a7060fa53d194f767583,positive,late_delivery,low,Delivered early and well packed.,ollama
2c684f61a036b0a9baa879bee033ca63,9adf7bcff8c641aa286f3dbb963148ab,negative,wrong_or_missing_item,medium,Received only one of two ordered items.,ollama
ce0e6ed573c7eb098a81c5b71402d542,7dfdd7eb79e2cc6f2fd2e5c400050a84,positive,praise,low,"Good price, product is very good.",ollama
9f683186107657c18aeb6904cc42d46b,dae095a3efbcc51f73f9a75181008850,negative,late_delivery,high,"Delivery takes forever, no response from company.",ollama
afe3b198e91ea2e74cbb14bf0ae1ff8d,347610961383f5990e1d0ce3fd0afa5a,positive,praise,low,"Loved, highly recommend.",ollama
8f17f539b9a0564eaf31899dbc8d9775,ca290a06ee0945b956f79c93b5191633,positive,praise,low,Excellent quality.,ollama
945b5bde2fae1e6216e159ec54062a47,465e0536b29a94542aa63d8546a3981a,positive,praise,low,"Recommend, very good product.",ollama
38d8018750b66db86d1ffff4c78ae209,4883042a7a5f22fee4e519f15da7f9e2,negative,not_received,high,"Did not receive the product, which was marked as delivered.",ollama
44b227a36322266e323a5d0b6b9eccfc,6e5fc24bede0e47389f2042dc5f8473f,negative,quality_not_as_described,low,"Product is simple, did not meet expectations.",ollama
430a6784d4ac5da45646dc91267a8b68,541580e54869907a0f5753026ba5298b,negative,seller_service,high,"Had to contact company to receive product, will never buy again.",ollama
6c39750dd584f8f824e38486e2fc7e69,7a281ea07cea9f99a15e8f67d6e982bd,negative,damaged_or_defective,high,"Wrong address, damaged package, unsatisfactory experience.",ollama
f3a80a4c2cdd577d087958626b324741,b760d6b613bc2bca107e3c852501e649,negative,late_delivery,medium,Delivery delays harming store reputation,ollama
0fab20589714dca9ff8b4c4fbb55d266,1f7db95b8fd2c7432d59242430cb2163,negative,late_delivery,medium,"Delivery delayed, possibly due to Correios",ollama
8d1f14ee3841f8e908b7a52476d4cfcc,29afb9bd764e2f5be034429f3d6811cf,negative,wrong_or_missing_item,high,"Wrong product sent, missing item",ollama
9f56093d1d6f8f1c7f0e7c9bb39631f4,570b4fa8d33a773b9d32bd9a5c9eb077,neutral,not_received,high,Did not receive full order,ollama
a0f55e6d7e6c0d5348273850ff1f0756,3c8d31d8f2771d0a5bc2c936d5a1440b,positive,praise,low,"Excellent product, comfortable and durable",ollama
9f4a1bdf9a99f7e4bf16d2b9c614d4b7,da3b1ce080ddff2eea8276700fc377a7,positive,praise,low,"Good job, product delivered on time",ollama
b580da4dbcee1f0cf204cfe13079395b,c7a7c97d430f40628efc0f1e41f723b1,positive,other,low,"Fast delivery, good product, minor battery concern",ollama
97395d350b22ec3d8320b3301324f2a2,fdcf099f6b0c76b932c7edea455576d8,negative,damaged_or_defective,high,Product did not work,ollama
60a43f2ae6645ae3c49a96bac275680b,2be6c8b958e16856397259974d4abee9,negative,not_received,high,"Product not delivered, overdue",ollama
398995c20783f91f6657ab5c9f14c262,84d6d9710c8af32b5e88f2d1c14ab871,neutral,other,low,Had to choose another model,ollama
3be8f8db4a1b403413926920253511d7,2bc420de7e8e4174fd5c88b692c2cdaf,positive,praise,low,Highly recommend the product,ollama
44359bf768889f53a5fd66e6af0ce3ba,fbc212270a939b78ed5c8abcdc365ecd,negative,wrong_or_missing_item,medium,Ordered two items but received only one,ollama
039ef96530dd7e9ce0910d86a129103f,01115c06246220def210911556bdc0e5,negative,wrong_or_missing_item,high,Only received one item out of two ordered,ollama
364df0f2f982dfacc722a9990f8fbc7b,a0eb4b1d3b5e4c29890291cc63a8eb20,negative,wrong_or_missing_item,medium,Received wrong item,ollama
b19486fe3edae323d9e061d040433dbf,6b96b124951ba9a116788b9008341ee9,negative,late_delivery,high,Did not receive the item on time,ollama
3475eb08e5d87b283fbf7858efbe9473,1a529550bb541c8c6d58b9a83d089824,positive,other,low,Super fast delivery,ollama
0bd01e38ee8eecef448fe15957bdaea9,7440954562ac54f803e472bc3491287d,positive,seller_service,low,Good customer service,ollama
80c1b3205d4cdaf5a57cbb7322c17b53,6ac9e7249ef5df977218e8251e151355,positive,late_delivery,medium,Delivered very quickly,ollama
f6966d98371f08d6c6cfdf44cc554264,5738b1361143b2ba3e59fcb5dffc7114,negative,late_delivery,high,Did not receive the item by the promised date,ollama
c3538f9a11649519cd4e5e498c28cf90,cbb837e370beea845d4aabda89dede0b,positive,praise,low,Love buying from Lannister,ollama
afed4f156101fdda9a4cebbee4f743c8,c0cb4eb4f8b433eb1d73091276e12ebd,positive,praise,low,Praise for the seller and satisfaction with the product,ollama
ddd55612a8a3aaedbca8f601af394c1d,08c7b46d1dfd29f3200c439119cfe4ac,positive,praise,low,Excellent shopping site,ollama
1a96cdb5aa31690120beab861ad5844c,3628a5f953fb9bc719fcffc18e639459,positive,seller_service,low,Thank you for the good service,ollama
8b115173952206632155ac63ca3632d6,949fd5b74015f9f17e66d3d5adb033da,negative,not_received,high,"Cancelled order, no response from Aquarios",ollama
e3a2473b9feea73d670dfa1230a02582,3d05beaecc79d768517b2542c5ffb040,negative,damaged_or_defective,high,"Product not working, seller's product did not arrive",ollama
f1d70daa4e903a8096ee7853890ce0f0,7451bae6c17cbaa82fa2bb466c97cb45,negative,damaged_or_defective,high,"Product arrived damaged, very dissatisfied",ollama
b5fc84f0ea03aeece9381c0864b39710,0973b2846805e4eaacbdff441e3dbc8e,positive,other,low,No issues with purchase or delivery,ollama
bf7d0bfb172d36a664fd4fe80ab9d96a,d839ea07a528e914f89702508023da37,negative,seller_service,high,Completely dissatisfied with Targaryen,ollama
3f4f2a137c5a4e6f6c8601d5cd5c2e93,5f2f3348a05e38d5f31b04f858c606f4,positive,praise,low,"Practical, easy to use, recommend",ollama
f6c2b58fbb462b9dd4ba94e96239c7b7,469d6a541e0585ab746ca1d786223ac9,positive,praise,low,"Great product, exactly as wanted",ollama
f9dd675d09fa075a7954d7f340d47524,8b7d4b3e8eca5cae93f948e0d7b67406,neutral,wrong_or_missing_item,medium,"Mosquito net size incorrect, not king size.",ollama
a27b5001e1d42bacac5e37a33e7eec57,2027c6ba8a58df2e69194531ff9abfa8,positive,praise,low,"Good product, fast delivery.",ollama
a334abcb91df2132f817e0ae76ee5d55,b37a7e90838d63c38152d2f8c432a726,positive,praise,low,"High-quality product, on-time delivery, very satisfied.",ollama
c74b64aee8b8bfd13574afcdc5b6783b,4e4fe0553ce2d62b2b7ab4c81187ae92,neutral,late_delivery,medium,Delivery time was 7 to 14 days.,ollama
eb058eb23029057b38b66de0b5773568,1491a4777b694dc4c2e8916fd9a99b1e,negative,late_delivery,high,"Did not receive product on time, unsure if issue with delivery or seller.",ollama
96b0620a8e09ce02f2b1d52b15af1442,d983124667a44e540ef9ab35c37c486e,neutral,wrong_or_missing_item,medium,"Received product, but no invoice included.",ollama
ea3f5de9f810982cb1bea9973cc76c2b,f0031384d36ff045ee1e866942d0fa7a,negative,quality_not_as_described,low,Thought it would be more beautiful.,ollama
883c9924fab8a0381aa6f1bd97a14ddc,fa481f6753c67fbae9e5c33ad91c5049,positive,praise,low,"Well-packed product, arrived correctly.",ollama
8c893c88f70053fc5885d9a46eaaa140,0972cd8199019b252faf977c4d3da6ea,negative,damaged_or_defective,medium,"Battery not properly packaged, loose in box.",ollama
14476bf5c62c7cc73e6193f255295a33,4b558bf5d439e084e8e7807e55a1b591,negative,wrong_or_missing_item,high,Received only one of two kits ordered.,ollama
4313f1640b1f86556d9de509aff4e1a6,6bee12a6a1b3bc446b3c061239cd1e23,positive,quality_not_as_described,low,"Complete set, but fragile, beautiful product.",ollama
1a3b1b7b0f406cef6e42939359d0d601,2e1205ef23c9d6445449283ddfe660ad,negative,quality_not_as_described,low,"Product different from photo, should show exact item.",ollama
bfa022df07b51a3375765d3a2fe71907,3064f25efd77a992ee9def050c0eaf36,negative,wrong_or_missing_item,high,"Received wrong product, different brand.",ollama
9b4e558d233110a9bd8598541fd9aee7,c5f8207301eae78cb829cb3df3755196,positive,praise,low,"Excellent product, great service, timely delivery.",ollama
6113a384f3cd7b85d430c5bbd22e52fe,b367cc1437c9d0b2794f759930e61eba,negative,quality_not_as_described,high,"Product close to expiration, request replacement.",ollama
26c03d9749ab036a7edbdc3b7aa60d5a,87cbf7ffbc8a1c96b554c759e6a6f5b0,neutral,other,low,"Good online store, but expensive shipping.",ollama
06f20cc2ce65309b63d8340217f83323,31e20f393d978aab31a2c05963f156a3,negative,late_delivery,medium,Significantly delayed delivery.,ollama
b7ce5a0a606b61681caee5b8cdd3fcbd,0690b2d9b983cf580f407531575622c5,neutral,not_received,high,"Order not received, possibly due to postal service.",ollama
96df2863f53bd321444ffcdef3fdfda5,579997e88b2563ab8a3f3d6f5022a8a6,negative,quality_not_as_described,low,"Light, small, questionable authenticity.",ollama
55364e6856e976a5bf9989577a7e2963,39a8a29adbacd6bb73e50c85e4e69888,negative,damaged_or_defective,high,"Poor quality, not recommended, bubbles, opaque.",ollama
1858b4e3f929d501203644865b571c76,561e1660c58ab3daf4a9176547f0259a,negative,late_delivery,low,Slow delivery,ollama
e25ca734f78e3f17b5f55ec378344c0c,e24373f05b66f5a4b1e9baf8ce94baad,negative,damaged_or_defective,high,"Screen damaged, chair fragile",ollama
70be3f25177bd0d08ab572e9c6a2281a,a3266d5717615919b50f2d1f62d8c0a8,negative,damaged_or_defective,high,Product arrived broken,ollama
53a3b2c0e51603418777a61363e6e1a4,9f73f9300dc3e9f8efc83f19da546881,positive,praise,low,Good product for hand problems,ollama
a64769f55b6007c318fda67c61c70ab4,cab618a13f81a7ad42573993ddae2ff2,neutral,not_received,medium,Waiting for delivery,ollama
8a7d04305cd75402550eec285b574d7a,4a9d3281429a5cb0ed545ff8aa3f6f93,negative,damaged_or_defective,high,"Poorly packed, risk of damage",ollama
bf0ff4e7bc8998ab70a6e76330e88e67,da56b8c5c4e96c536c6ebdadffebd9e6,positive,other,low,Delivered early,ollama
fb5821a5488b27075860c77b8aed0384,336e6ecb9664903e2d582f1203e5b1ba,negative,wrong_or_missing_item,high,Received wrong product,ollama
ea545b375f2048992ecdd928b028b01d,1d4fff6b3a70a427fcd88a848c3b6050,neutral,not_received,medium,Product not received,ollama
ebf787388cb6e91630937e2c98486b16,5a00cce1aa1bcbcfb4b1f88cc126afb2,negative,quality_not_as_described,high,"Poor quality, not working",ollama
7718769e2eeb280a8a0e3da662bd564c,d1175caace64414de4ca9404ab747e2e,negative,wrong_or_missing_item,high,"Binocular received, tripod not delivered.",ollama
20ed6f7406276be2ebcd5e9ce6c14113,630740e03f6373612399c5e8cca3c3c3,negative,seller_service,high,Requesting refund for missing item.,ollama
49aac2eafcd5705addc08e3d8842fde1,a640fed02512517d0d460c194a02f23c,negative,quality_not_as_described,high,"Card received is fake, different from description.",ollama
4e424f744c8185c17c7d275a562ac344,3b9671a31679fa4544b9b7a1e55ffe4f,negative,damaged_or_defective,high,Product arrived broken.,ollama
54d42c6a657559f83209e08ec2525e16,9a58ef14cb28c0d8eb1772e86f0ac133,positive,praise,low,Satisfactory purchase experience.,ollama
e69fa2f43f879bdb736a6ad0151af450,0affd51e37e6621004e4fe4fd7c64f4b,positive,praise,low,Good service on previous purchases.,ollama
ffe2709928f2f25e563d94aea6e8bba3,483b53ea654d3566427a092cdef047fd,positive,other,low,Product arrived on time and as expected. Recommended.,ollama
aca647018e99fdeb5b5509a03fe1e8b2,da1bf4bd73b666e0f4173221301aaca3,negative,quality_not_as_described,medium,Perfume received does not last as expected.,ollama
834ddafcc5ec95d7b47bd8787f8bd01f,1b8d897de53143a7b639d4870e6e3cdf,negative,wrong_or_missing_item,high,Second item not delivered after purchase.,ollama
dc3b34711f28b38b0ee8b48c77170a3d,16039d1d033653b9caeed8198b3142da,positive,praise,low,Perfect from start to finish. Congratulations to all involved.,ollama
079a3ec18dc851de439f384f68a88c0c,8fa060cb54d9cfaa1b5cd7db41b0195e,positive,late_delivery,low,Fast delivery within the promised time.,ollama
c8a1190a43f28498e89dabc9139780b4,a28f6c9d0933acd34c3ae149cc537b65,positive,seller_service,low,"Delivered early, loved it.",ollama
f89bdc77249b9e04d9377907d3db7cf6,2d5b9f995250ca7846c437a641ed99aa,neutral,seller_service,medium,"Seller asked if I received the order, strange.",ollama
75b6f6d3fc8118dca886528698273a6d,63175a0077fd25dc166bf27cfa3927df,positive,seller_service,low,"Good service, product as described.",ollama
9a673ba1e23274483956d871028e321d,817b5c93f134a292fe75b0e313a14c7e,neutral,wrong_or_missing_item,medium,"Received one item, second arrived later.",ollama
2157db986bcb5fd8010acfdb05d7f979,3a1b7d917cc04f710c5afdd8fbbabe85,negative,wrong_or_missing_item,high,"Did not receive item, wrong color.",ollama
dbb66e071e54950f29f090d17ef6add9,71145a0b672202052255b5463b5ae691,negative,not_received,high,Still haven't received the purchased item.,ollama
6e358d5462a9c5a8134fade0f7e7f768,f22420a030f491fdcaabbc5573a9ff39,positive,praise,low,"Excellent product, good packaging, perfect timing.",ollama
b306e82832421613c53c93ee1f9ab5b1,546925c91dae6410ea5a21172f637370,positive,praise,low,"Well-packed, early delivery, very satisfied.",ollama
8ce5b6e9591a327fe7909a9e63c29ccb,6297b306b33b7a9028dfaa203b9742a3,neutral,quality_not_as_described,low,"Good quality, but photo misleading, still liked it.",ollama
86fe5f0bb89b9af6e1ecf749240a920b,0a457a7e838f772d804eebe8d6261ed0,negative,wrong_or_missing_item,medium,"Wrong item sent, order mix-up",ollama
372375df0933054a77e7bbef126f0fa8,fa69e8d77e6f9d310a77c7dd43261ce7,negative,damaged_or_defective,high,"Poor packaging, dirty product",ollama
a30bfc3a9fb4ea43dc2ad7c62e3336f4,af71e9e2ee3f91d619aacab51fe2e75b,negative,not_received,high,"Product not received, unresolved",ollama
4735abb6ba2b0a5e4f712fe5eba4411a,4a8540117ab8b9696ac6ffe3b37e4acc,negative,quality_not_as_described,medium,"Product disassembled, hard to assemble",ollama
5967ecabe02316cb76a4222a9cc1257b,5151e80211e1634ea892b2dbe80d39f2,negative,not_received,high,"Product not delivered, unresolved",ollama
71da3de225a5cdba54a8600730b81f39,b21c9bac60c92e8b6ba770accf270445,positive,praise,low,"Beautiful, light watch, fast delivery",ollama
10b070189f574f8610a1adfdcbb0c0c7,bf122b1684abe6417e2e2eb2ababa7b9,negative,not_received,high,Still haven't received product,ollama
d9da94eb9866243cb58bedd655153d21,5b0ee19a3125fc083348baa76d816ed0,negative,late_delivery,medium,"Big delay, no satisfaction",ollama
28ab5f5b112efe2a2f4582bf4d070485,5f4415c3829ad05566ee455a5344d07d,neutral,other,low,Waiting to receive product,ollama
778c1c88259213fca022b83911cfba27,03ee28c413aaef04d718e00ed85eb678,negative,seller_service,medium,Need this review for all products,ollama
7b6a3eff441e5bbe1b60ba78fb0e5903,b061c1796cd341f652a36bdd8a5aedcf,positive,quality_not_as_described,low,"Perfect as shown, daughter loved it",ollama
0b95604619cb25856a3c0f179e393415,c7d80ecf6fd042c198c10188168795ae,positive,late_delivery,low,"Delivered early, well-packed",ollama
226198d556811f07a1375aea994dba91,773f350ab7f485f0d4aa1a095820fedd,positive,quality_not_as_described,low,"Good quality, as advertised",ollama
9d7185b55936372e184188f514c24780,339fa9425f5d4dbf7cff350b0b7a4847,negative,seller_service,medium,"Comedouro good, Benedouro bad",ollama
743198827c2373479a8ffe29873dba17,4b6ef1d41ce53f5304987adf5842578e,negative,wrong_or_missing_item,medium,Wrong color received,ollama
53dd188a571009a71a2ba99bf02acb7d,27c747b711a812bafe3c276823a6bf73,neutral,seller_service,high,Need seller contact,ollama
c7f71863ca1972066dd7070ef3b58dd3,1b760c8f4093bfc9fe9df789a58c5554,positive,late_delivery,low,"Good quality, early delivery",ollama
e77850099311b49ea0b071b69550bef4,d0acc83d2ff6361a1b46385f475b723c,negative,damaged_or_defective,high,"Defective, not original",ollama
d3f3a46f8e0c3bc10a18bea68e1c9dee,a28d2fd8b59565ab9973b930eac2596e,positive,praise,low,Liked the product,ollama
356dd4fffbd41a4daff086cfe0fc052b,44f3d1f080f4d91df2ed14744c6e8184,negative,other,low,Should evaluate suppliers,ollama
b69483f8c2b7e9e8c747c5f054dd684c,ccab2293e0214590eace61fec5947f04,neutral,wrong_or_missing_item,medium,"Received 3 out of 4 items, missing one.",ollama
476f9f0acb1a350622e73dd4f341ecec,092de8ef0dad90862e5c0dfb15a10790,positive,quality_not_as_described,low,"Good quality, as described.",ollama
1126743448feaa7c8b7639af35f175d1,df499c63856f6f9152046828360192e7,positive,praise,low,Great store.,ollama
60a05cbe589223a081ad38e74757ae2e,13e22fa9743822ef30f7e3bdcfff69ee,positive,praise,low,"Good service, on-time delivery, great product.",ollama
c7a66ac600e06d489564987ab78b14dc,e932edaa6417ab9aba25187f8e6433dd,positive,praise,low,Good for testing the product.,ollama
42ee317fa88dad6a0a963bddbd0194b6,d15a203ea25983a3a17ec382a8a9122e,negative,seller_service,medium,"Product not available, communication issues.",ollama
9f0e358c8d72472d5a426e8ab01668e1,02671152ed141efc95384bdd230bc544,neutral,seller_service,low,Returned item for wrong size.,ollama
63d6e684a97a83e4ab4603e65f025b9d,a21f94aa35415aa7bd905a21f468e688,negative,not_received,high,"Did not receive order, very dissatisfied.",ollama
76753ed8c8690922064853102754064d,f1b1a53088d15140959d9ed6d98c7107,positive,praise,low,"Very satisfied, great team.",ollama
a1675bb2e8f0a4eac81b438a516004b3,03b5a8a7f871d2a792f7af458fe13b4a,positive,praise,low,Excellent experience.,ollama
bd8e2d07697172f16d28f139a3de5b60,71d7141d917163379d3bd485bb9a4265,negative,wrong_or_missing_item,medium,Received blue rectangular rug instead of brown round one,ollama
7ce3fd1860b812670af14af3df207649,ae9c433acd3649acfb7c7bf169b307da,negative,wrong_or_missing_item,medium,"Received wrong product, not what was bought",ollama
88c08fbfdb50031dfa4cff65bad45592,debf5eca5bc6420c20d46ad2ea4b5652,positive,praise,low,"Recommended product, as described",ollama
2de170b9072f23b8351595b6acc09da0,c8b69047cbbe06592f979f7a1ca08df2,neutral,other,low,"Gave watch as gift, granddaughter liked it",ollama
a7ad43b7ff55f5fc5a10be2d3edc498e,3b715ecd6add927d4a2634e826487231,negative,quality_not_as_described,low,Very low quality product,ollama
e5de149541898dfe47cbfedcfc38830a,c9fff6f42450201f1c5b500726598c70,negative,not_received,high,"Still haven't received product, delivery past due",ollama
f869e99ca91f797a10957f0a1561913e,1da92dd75ffc36cc14317d51cabcc67e,positive,praise,low,Super recommend,ollama
4a21675c86865e9b6fab1a44f4babe95,80ab91a3eb74b9f60c88ccb65e86197d,neutral,other,low,Satisfied,ollama
d0569ea0b5a1a69d06d7f7202d7ff6f7,b522474ba0639dd0385e4918d46ddcba,negative,not_received,high,"More than 4 days past delivery date, haven't received",ollama
26012cfd25d6d032f43b7cfe268367fe,ed6c99480bc1ab87159e288140055645,positive,other,low,Liked the scale,ollama
5e06f8ef90e1cc25130a360330420f69,9878f33f592676d910a779d534fe5024,neutral,wrong_or_missing_item,medium,"Product good quality, missing support",ollama
ace3f5241fb6401ec2dc81daff3261c2,e008eec42c3cdeca3e9b47a91fbc848a,positive,praise,low,"Loved the product, very beautiful",ollama
dbce73ea1457f88026faba51fee9142a,ef7e4d318e5714c1e8e07e97c981ce36,positive,seller_service,low,"No complaints, just wish they called first",ollama
01bdf849e87734764b4ca765bbc266fd,ab4db5117e6804bcb57deaafd44cf4c3,positive,praise,low,Very happy with the product,ollama
8fa8b69020cdd091b614f35bd404e0a8,d1129445a7d52481f5cd8c9198d4957e,positive,quality_not_as_described,low,Product arrived on time and met expectations,ollama
49ab686cfec68241713558b212f286c1,357b3e52b16c253a241494d7350a7f3d,positive,praise,low,"Very beautiful, exceeded expectations",ollama
2f9b7a5a8eaad6f1bf8082944b6ad6ab,0b137ac032763829e728afcfee3ac3f2,positive,other,low,Satisfied,ollama
91450ea3194f2a1e9981cbc78158f4be,e2fbbd87fea5a8b236b00e5b274b143d,negative,wrong_or_missing_item,medium,"Received cheaper product, very different from what I bought",ollama
b2038db1de793712d98dc3ce5a48bf8e,8c49dc4a643a15ef1db44391d2034366,positive,praise,low,Excellent,ollama
e005dfce4c6e17daad4b40daa124acb3,322ab6e86e8e7fe738d8dc82ae1afb10,positive,praise,low,Excellent,ollama
b70c7f44772f7a5f5c9ff95c10935b9b,3bfc0203088a0e595525c78127c2706f,positive,praise,low,"Excellent, everything delivered on time and as expected.",ollama
7999b0e91e5f6ab816c121138f8fbcb0,cef35f98a1aecebc00a09d5d0ab4b0ae,positive,praise,low,Excellent product! Efficient delivery!,ollama
f3bd6c125364484556f1158a718c33da,8f9a2b39ed1912e66c289e8e1265b0db,positive,other,low,Received well on time. Everything as expected.,ollama
c7fe3e7fb6f447eeeca47f4a45ed1a63,39ecbda0a90495a26efaaef708ba97c8,positive,praise,low,"Product delivered on time, great! Highly recommend.",ollama
ff48fb2152afb5eb0d8e0ffe7261fe06,9b26ae9a477137076f8b0e8bec71fed9,negative,late_delivery,high,"Order not received, very late, not recommended.",ollama
1439640ba4905dc2f98188cad2a77154,6066fbcebeaf378770ad9fbe8e30d1f0,positive,other,low,"Good seller, shelf arrived well packed and on time.",ollama
63ab1e1a0fc6c11e64ea8a901bcdb2b2,982f11c6a768ad4cd2c08c45b259e5a8,positive,seller_service,low,"Excellent seller, product arrived without problems and very fast.",ollama
fb6df08bfc9e8eab7bc81fe40aaab167,3c0683f600fc10b269b333bbfba07813,negative,wrong_or_missing_item,high,"Wrong item received, wrong parts, unusable.",ollama
581d419c6698de74909db56fe215a980,c5bc8257538b2c4e938a4e8836aa70b5,positive,other,low,Liked the product. Highly recommend.,ollama
8fed313f184d372f0a4af74a6cf8fde7,f9a61f17bff852cd69b6fee5812cb593,positive,praise,low,"Great service, product delivered well before the deadline.",ollama
b17b3c834f58d779a40a08ab832fdbc5,d1de4ee2cdca15e0ccf424096264d3c8,positive,other,low,Well-packed and delivered on time.,ollama
cfadd710a8f0b561e31fcddd618daeec,79552be7b4863907fb19aa3c8bba9692,positive,other,low,"Good quality, fast delivery.",ollama
6a760d6d7c876b76f77353f24d9c14fa,88130f20a472f28fcca9dd5d50358820,positive,other,low,"Product arrived early, in good condition. Very satisfied.",ollama
21525158b6768b64cd11109dadefbb05,f5ec8fa19f01a0d2c106bddda5f5aa7f,positive,other,low,Great product.,ollama
533823ab9e5c4e16d8e003cb8cb1aa39,4e9cb71601575577f2208d3aedf933cc,positive,other,low,Perfect product.,ollama
c2ed24406cd3433f432913c78396d265,d3b7594cc1a07125979df784dbec5c5e,negative,not_received,high,"Order not delivered, want refund.",ollama
76e76375f85f230b1f5f17aaf9d81aa5,055a2893cb600bebc05a16d06e3de36f,positive,other,low,"Good quality, delivered early.",ollama
75ddb7bacccf038bca5555ea95d2d871,61b5e6d846c13e8107ec0d264d5abdf1,neutral,other,low,I like to buy from Lannister.,ollama
443176fba50e86a2ad4838960587bbfc,1bb800de8a2b7ff3ae4616c5b6368b8a,positive,other,low,Excellent.,ollama
ef84a6277e6c577db6d9dd5034f035e0,76103be5bcccf8ca4360b4ae36af30e8,negative,wrong_or_missing_item,medium,"Ordered 3, received only 1.",ollama
2aef0e303fcde31d9a5e0e9567e4a170,7a5ffe966dbc98f0f43ceeb96e1d73c8,negative,wrong_or_missing_item,high,"Did not receive the keychain, only got the frames.",ollama
02f1c05569d231bea48cb50f2d5b0bcd,0d103d6504de00ed0c99969517a9ad52,negative,late_delivery,high,"Still haven't received the TV stand, cannot recommend.",ollama
ff3780db09611873139bb54ae240e865,aaa2176c2eedbba6fb84a3d63e01f433,positive,praise,low,"Loved the product, had one before.",ollama
c560716ac1e7db5794f3f18449462a8a,6e23efed2925ed4ed5a1f1d9e14aef78,negative,wrong_or_missing_item,medium,"Ordered two, only received one, waiting for the other.",ollama
a51fc12bf3505714e2b47cd453184e1d,fdf0de381108943ba5c28f2ebce00782,positive,praise,low,"Excellent, very good.",ollama
0e0c9b227d4a6870c170a4acfbb6f8a0,f1dc649e1ea6789e7eddbdaf40aaddb1,positive,seller_service,low,"Very good, met expectations, well packaged, correct item.",ollama
62adf73b6453c34ce5993b60ef0ea93f,d7f5321a3029c895a6b79c1ebdd8a222,neutral,other,low,Never had problems.,ollama
3a0f27d1fd68e8697e26f69190527dde,cd82b3b68f4843cceb338d860b8aa006,neutral,praise,low,Would recommend.,ollama
c7e989d7ac25829c07a8c49e2fd5628c,69b7bc8c7cc159eb5edc4ceb96b28c55,positive,praise,low,"Very beautiful, as expected.",ollama
a26b3349b3f062aa89fe6e0aa8f51f7a,9b53b66ca7d27b4c0ccf5ba89af00bd0,positive,quality_not_as_described,low,"Good price, good quality, Inmetro tested.",ollama
91c2d8d3c27740564636df740c1e9298,f2e7c5a142f10116a1e657090e50e83a,positive,seller_service,low,Delivery before deadline.,ollama
3a535bba13c75336d0667fa0d8ec0c00,596f8123fe4a804da55175cc9c0a2a12,positive,praise,low,"Everything fine, 100%.",ollama
6bff7243dd75d8abe34ad11b1fdcda65,de15fbaac5e9c765778cc4c6875f183d,negative,not_received,high,Did not receive products!,ollama
c0ab8f68921e5fa959c9ca288b0d5e52,075d1d2a3ac6d55e925dda5e2ad0c6fe,negative,wrong_or_missing_item,high,Received only 1 of 2 promised hangers.,ollama
7953d5b5a32a351be8dccd293f49a9a0,9be3bd4137c70d60cecf190a92fb9808,negative,late_delivery,high,"Late, no news, very delayed.",ollama
03daf67f0db43f9226a225fcd3ffcb99,72cd8348e9ca7da3caf7a2c3f09ec40f,positive,praise,low,"Great quality, on-time delivery, good price",ollama
be15bf1da59fa05eb7e300072c87abd9,21f596bcb5e3700e518ed8ac55bb2766,neutral,other,low,"Product received okay, well-packed.",ollama
a417c83543d09b1cb270ab59221d47f3,62ffb8b5fc46e6cba7ccb763025fd09c,negative,damaged_or_defective,high,"Sent wrong item, damaged goods",ollama
4098652fe058fb06eb22b1159c5b39b6,8743b266d228ec2571e64dd54be2081b,positive,praise,low,"On-time delivery, everything correct. Excellent taste!",ollama
35ec6c46de04b2677701e0330fa45ce4,dd42374a06906225a225f1e6edfed9b0,negative,wrong_or_missing_item,medium,Missing manual and some parts,ollama
e836b7795df0b5e89a279d7e49f6024e,cba3ba41fc11892527457b4be8d57308,negative,wrong_or_missing_item,medium,Missing item in order,ollama
f2c8f11c20727695863c830950881ca8,21264ae81b0f6ee6e1d2664ee10c51fc,negative,wrong_or_missing_item,medium,Missing components in order,ollama
76df0bd8c9d614662a1e893152b4741f,02e3d94731a28fe10ec1aa91b72b544b,positive,praise,low,"Good product, good quality",ollama
b741b5f3776a645b8d3df3300b2f484a,e66e29f65af321ea428495d66066e809,negative,wrong_or_missing_item,high,Sold out of stock,ollama
55f5c5ab79b94a4da4b6b419c8f19e9e,39f9dafc7ffdcf2b3c9b9ae5f1541a41,negative,late_delivery,high,"Late delivery, no communication",ollama
af6be7e4f650acb902e04ccbd35f220f,db3d8c47002a9d03c4220a0a0bccff78,positive,other,low,All items received,ollama
ed704537b44a3586eede2c0edfc707a3,6335afd8e6b7eb0ebc8bb71ea0008f6f,positive,praise,low,Good product,ollama
6188c05495e21dc606bf5f3567e3655d,33c7e7493d8049f7248e39fd3019ed6f,positive,praise,low,"Good product, on time",ollama
78f67d739cfb1668678ad2bdaab321ec,0d454d3e9e965e807648bfd8a52e4cd9,positive,praise,low,"Beautiful product, fast delivery",ollama
59d8a64b5ada1fdd5fc13cd6f7833697,6a0bb0ba8a97dd4ed115462820be7e1f,positive,late_delivery,low,"Late delivery, but worth it",ollama
fcfc31341f9eb4b38ab788484d8e0401,011108c8a3d6eee6807f48a2e639439f,negative,not_received,high,Did not receive product on time.,ollama
d359218dd02ff873eae009f87d85cbf5,3bfd703ce884b8a0a65e63f2d4db6393,positive,praise,low,"Delivery before expected, highly recommended.",ollama
be07d0e663f1a72d5c14c7084112b5a0,a35238675f91b99761c23af5c842d5ef,negative,not_received,high,"Product not picked up, urgent follow-up needed.",ollama
f92360154735ad1da5c8a25ca46eec1b,72c08870543260f5d5e2336b34887f6b,neutral,other,low,No comment.,ollama
b8e70ff044b8bf7cfa688d1ec22f3d93,2fd592f3553f88b7489e09179c93f261,positive,praise,low,Everything okay.,ollama
4f25db0524fd0fae65adffc4e3f3942b,557301323d2ab3151c0e56b06aafd2bc,positive,praise,low,Satisfactory experience.,ollama
f85ae141a0d912defb1c690f27ce57ce,c147eb82165b5b541fc943d0747eede3,negative,quality_not_as_described,medium,Product different from description.,ollama
f592466fad4ea830ea40580807523af9,49e24f3b7bd666cfb8fcedefdf35785b,positive,praise,low,"Great watch, fast delivery, highly recommended.",ollama
c7ebf2eaff15e034841c8435ff5fe0e1,76d5f81776bd863daf8fa0a5a59b7f9b,negative,wrong_or_missing_item,medium,Watches were different from advertised.,ollama
1bfec3e913196c72c1ea06fc8816bd9c,ee4a95415255b5c54189071b8c1a2c53,negative,not_received,high,Still no product after deadline.,ollama
df8c247685a18fa01d52768b1cea2338,4213713318b5b2f35bb219d5883c7de3,neutral,other,low,"Good, but not opened yet.",ollama
df9f2e6db59f5a425afd839a52ac2502,5ed3ad68a6b539929adf6d324f01ff01,positive,other,low,Product arrived before deadline.,ollama
891010abe77c6f00f014bb8bf7919af7,58df776da444438e064d1e4910f8be87,positive,other,low,"Received quickly, very satisfied.",ollama
8fea3b51c7f1046f3d0d2a720852df2c,82474078bf3b19dd0e8a32f116334255,negative,seller_service,high,"Did not like product, no option for return.",ollama
0acbc172df4922ddcde7d0df48e4421e,2ae27be1dc98f5a04985f016c58c71e5,positive,other,low,Product arrived on time.,ollama
712d37ca4d8dd3ac08c756c646b512cb,363814e98fb75811e4465c3b7fc84ca5,positive,other,low,Product arrived on time and in perfect condition!,ollama
822f239dac4cfd170caed88728ae4f51,c8d07bf0161cd0a2aacc163c238f397e,positive,other,low,Product delivered before deadline.,ollama
0860c33044549e03b2f45d348a92fba0,146bde81f92815f59ed9c7d44d8335cd,positive,late_delivery,medium,"Delivery fast, except for postal service.",ollama
8d51b4c9fbbf9bf124a9d2b41d9c4833,057e5b8975ad03882989369de7b803ff,positive,other,low,Quick delivery.,ollama
9d40d14d15f5a0cae86595ea93313f02,727412faf7aef5ef3c7e0f03350d80c7,positive,quality_not_as_described,low,Product met expectations.,ollama
3b5cd07d596b69f01a1c561f2931fcba,627d872bac94d3a4276ebd2f708387cb,neutral,not_received,high,"Not received, no opinion yet",ollama
1a565226a99f5814c469787e5297a321,2c78914d7d6e6d7a648d2fcdd67e8c3c,negative,late_delivery,medium,"Late delivery, tracking issues",ollama
a66f92eb10c1e19b448c55e03a2249d5,aa57c8f21178b5061a77762e7efa5828,negative,wrong_or_missing_item,medium,Product was replaced without notice,ollama
c6ac00506c4270acf7d6909162525ce9,9dddf1bd736b9571dbdb39f097768961,neutral,praise,low,Perfect service from seller,ollama
f34600b113903f0eeb59761085365045,53c6881417e68018f3caf8efba6a72d5,positive,quality_not_as_described,low,Received everything correctly,ollama
f03b09ab8baf36fc4a2378344038c1a8,ff7ea91a98e1590d290e99bcffefa149,positive,praise,low,Very good,ollama
a843434ccc4ecbd09ed3bd5d8e55ea64,1dd363f5595f370f90d2a8353444ff49,positive,praise,low,Daughter loved it,ollama
8621174c804d4a130eed22b0784a9d6f,ef91935d3286023b33bb5020a3b26998,positive,praise,low,"Perfect cushion, regret not buying earlier",ollama
739fea7e30239b3aa338a5c83ec57a0c,34a0ae203a8819db9d40960b5e456001,positive,praise,low,"Daughter loved the backpack, highly recommend",ollama
6de88c959f8877e1d63c2522343d9099,363fe8f62de97e4334f5c88e3d9e73a8,positive,quality_not_as_described,low,Always buy quality products,ollama
f313c9a4e88c800a98b18bd65079fc9d,3db98e0e4429b61241e02a015c6cea46,positive,late_delivery,low,"Delivery arrived early, good!",ollama
7ec6740da9da00b41e94142fcfbbd35a,c7652e6a3ef3f4d2039957aec0fd766a,positive,other,low,"Delivered early, liked it",ollama
884e8ffd59d521d34ef112da7dc88a43,39a0eaa2a980c810beaf68d76e52fa96,positive,other,low,"Product quality, recommend",ollama
180424d0b7f1e28f196fdd3f45a4e3cd,95d01aa47c6ad56612e6c8e9057647bf,neutral,seller_service,low,"Competent, no issue",ollama
7bbc72246e0986d1e4cb731ba10c1ac9,1c7a2b989035d96cd218d9b9f352c098,negative,quality_not_as_described,medium,Product different from photo,ollama
d7ee7750c0ca9f1023ffb56b629c8b0b,e9be21541bd47fe15f1bdfd5f952471f,negative,quality_not_as_described,low,"Weak chairs, not a problem",ollama
0f80e3076617983291eb9fd9c1dc3498,669eb4808ac7fe964a716a368943ddfa,negative,damaged_or_defective,high,"Terrible, product broken",ollama
7c2bfdc27c016b8ce15f3b1e37d830a2,a35936917bc53a9d8389a31035869711,negative,damaged_or_defective,high,"Poor quality, broken bag",ollama
405166524864ddeb3d76fbedb3336023,85755a53293260a175624f3ee95afad7,positive,other,low,"Great purchase, fast delivery",ollama
cce96d3d6c37595486b2cfa7da4decd0,6b022a73dc1fa183cdc18cb9c255d60c,positive,praise,low,Excellent work,ollama
ab445a1d339b76011a588cf3525a0454,0d28f995a2a25ad8106b1fe23e23297b,neutral,late_delivery,medium,"Product correct, but delivery delayed",ollama
40cf7f1fc4924576468c9ded8f07e445,1d090f0194c35ed8b589f82f102bd758,positive,praise,low,"Great OXYFLOWER product, highly recommended",ollama
213e266fd93b4125639b7d365108e6b3,a6a1b8d3aef88816d4db15d9edde7b5d,negative,wrong_or_missing_item,high,Missing items in order,ollama
c5b6b6ac8a0f5a75b16ab4bdef1fec3f,d8c441318d48082352e8592142db807c,negative,not_received,high,"Product not received, delivery issues",ollama
0ff8886584271aa53a81ea67bb5dd89e,85590544453efd501d242d84acdf9990,positive,seller_service,low,"Good service, delivered early",ollama
3c31fecfa2e15af0449b555e1457e205,73aaa4d549aa39d83b85021685fd5d72,positive,quality_not_as_described,low,"Good quality, fits well",ollama
fc383007c32d8f4914a3b6ce9b940900,68520da728cf03bfb3ac593e7a6eedb0,positive,seller_service,low,"Seller delivered early, recommended",ollama
cada3ff21156a56358eaad72eaf99884,9916e82812289e085948ecfceaecfd28,positive,praise,low,Always satisfied with Lannister,ollama
cd1592062f4abad73cc30f3258bb9c82,2abed06af11ab7e3bc833f1b1535ba25,negative,wrong_or_missing_item,high,Missing item in order,ollama
2d3e9e82cf5128a7036f0062c888bdd2,357577189f4230e0d5fcda6ba4b8dec8,positive,praise,low,"Happy with Euro watch, always satisfied",ollama
1d7f2e9619cb66a7560a25fec08f6b8d,28b33b3ff1e1ef5e83ff16ade701d262,positive,other,low,Delivered on time,ollama
9b965d28bb19bd6b13939608d30d1071,d038a85c57a692238563950e532c2efe,negative,not_received,high,"Not delivered, late, product doesn't exist",ollama
8b91f00734a3df8baf53d0e52f08412d,7b9e7ccb0670a2b422f9cc382a87f86d,positive,praise,low,"Exactly as expected, fast delivery",ollama
81f7dff32f7745a970bcd3a19ce80ca5,589310d3d488112508a26f3e22ba30ca,neutral,other,low,Just started using it,ollama
4c9bb45111e186794c846f8d4b3361b8,33d3d6ef8e5cb45848d12d1a05bc1d1e,positive,seller_service,low,"Great service, good price",ollama
50cf341620f0901a4ad2481bc4a58816,8a9e4058bd52b1df24af22b9cd604f87,positive,praise,low,"Loved the product, exactly as expected",ollama
9de1c5867bff3d2923ac6d198b67c1f4,b8098f09f8705fca53b00b8c45163d6e,positive,seller_service,low,Very satisfied with fast delivery,ollama
b8f7260f5e2209520d84434b362d0dff,c137d955d66546c460453c13ce560ad4,positive,praise,low,"Beautiful, well-ventilated, recommend",ollama
7aef54164c43cc500cfc10f8e69a85d9,df68ea0d1a2a2b9d4dfa236820acbe9c,negative,wrong_or_missing_item,medium,"Wrong items received, two identical sets",ollama
a2bb2d1f3d6ccd3f1a589983b74c6729,03d9d682de9c41158e00e17ee26d9070,positive,other,low,Fast and effective,ollama
6b667c97d9dbb57b0d3dd327934177c1,1f6a5335ecf1406eea5f2cccc0c5946f,negative,quality_not_as_described,low,Mosquito net is different from description,ollama
d0b4db5ef14a38ea519694204d0d0a28,67604c69e12e3ff76b5a2379ba3abc51,neutral,quality_not_as_described,low,Can opener is not as expected,ollama
f07c1f79faee126326f7a79fc2f43ff3,9210972190e4cf80bcfda96b9c4112d2,positive,praise,low,Very good product,ollama
f8d94c466b88fedfddc6517a4d8650b6,081c75b9982020f01f5672792408d728,negative,quality_not_as_described,low,Microphone performance is not as expected,ollama
f77931c9b62bbaa8c9eddd126b90aa52,a18986d0ee0fd3e2c6fe3fdd23ca31ca,neutral,late_delivery,low,Delivered on time,ollama
3ad73d8554b2c6de7fea2cf5c48133f2,62903abc3e86fdbe5f815b3d050907bc,positive,seller_service,low,Delivered very fast,ollama
5ffbf6edbed3cc1f99c1a5c37b372306,a452f232f2844160f507c536f84d9ffe,positive,quality_not_as_described,low,Good quality product,ollama
65ea3b84054f0c9333e38b5eee9ac78d,5bf84aad38881827341f99a74df1b2be,neutral,late_delivery,medium,Product still in transit,ollama
da5b75e367b44e989861f7282249a5d4,57dbf0bb6156d7ab17e1af9223e06f6f,positive,praise,low,Everything is correct,ollama
a2c2f8147d4d8b5a82a2c76d5307dead,b867ed36fe57004358a5c654d886d389,positive,praise,low,Recommended,ollama
8df95bfefd25ddbec2a931e9cb7348df,e0b3f7f3d068cffc29d9dfc97fecd016,positive,praise,low,"Product delivered on time, great quality.",ollama
6740912e6b4bb99b3fad98dbc0f18afe,a40874087359fab9b2c8a3aef56a97ad,positive,praise,low,Everything arrived on time and sealed.,ollama
44b310b8bf5fe3b894d39f8bb1444664,4d41f2b0d7100876dcef7b92b955fabc,positive,late_delivery,medium,"Delivery was extremely fast, like The Flash.",ollama
bf1fa918e4c653c4bcfa3e0da9dec767,21a5a6a3ba44669b781dde94b19a361a,negative,not_received,high,Did not receive the transmission kit yet.,ollama
ae6399257528ca251fd44a1e782893d3,dfbf5b1075409ef1622cb159715f8f69,positive,praise,low,Very good product.,ollama
1e6d4c8f20a4ff9e58a72cde81eed6ed,fb520e46696d1669a96549c252ed177d,negative,late_delivery,high,Severe delay in delivery. Help needed.,ollama
7e7e99c5d68bd590236b06e9cc548184,b9ab6047d37ddd3df234b9e3da860b39,negative,not_received,high,Cosmetic never arrived from a reputable store.,ollama
eccbce63c850becd787ee3947c2b6c11,5da724ff5a80bda46d22e71266042fc3,positive,quality_not_as_described,low,"Received on time, as described.",ollama
1f612c8dda6e0a52a2ee8bf8de8f0458,445a17ac1fde5a5ac27faedc9b38318d,negative,quality_not_as_described,low,Received a bird's nest instead of a tube.,ollama
ab3c521daf4e310b8426f082d9ee1665,ff4ce1bf027da9b8b1eaa0c10148cc2d,positive,praise,low,"Quick delivery, beautiful lamp. Recommend.",ollama
30bf4e22ca3839250ec258ff0b7a6e30,25ace71f9bb4d5f153b345c09fa36936,positive,praise,low,"Good product, great price",ollama
1b398c5a99d445670df5f5536bcaa059,09b6cccc4166713f232f26db93a5d21e,positive,praise,low,"Perfect purchase, recommend the store",ollama
4faa35770cc4dbf5f2725bcebdd1bdc6,60c6581ec5ed9187370902a251501b8c,positive,quality_not_as_described,low,"Beautiful towels, better than in picture",ollama
982645839578b50e2484535f7b56bf10,a85ad381ff410bb40159e498feb30a13,negative,quality_not_as_described,high,"Poor quality, want refund",ollama
ba2947c2ab83b5f2317cabf7e6464681,db18d072fff5f67b311bf00d7ebd1d64,neutral,damaged_or_defective,medium,Beautiful but smaller than expected,ollama
4e47e7119ca07c41754e179ad800a150,ed362cd4cc1db144970bc67fcf848fd6,negative,not_received,high,"Company did not deliver, no response",ollama
2fbe086269247cee60d600c3af62f3e6,0049edf42837aa808e03552a62bd2158,negative,not_received,high,"Did not receive anything, no contact",ollama
c6c1ae2abc9b5df7786a84181f9dd10b,32006bb319deb6aa1c96bc8194382f2e,negative,wrong_or_missing_item,high,"Poor quality, wrong item, want refund",ollama
3f6b94e58d8dbcde1f807e337f37cce2,4ab2c1c6f21974d6332c0531a74eef20,negative,seller_service,medium,No response to change request,ollama
5e25440dbe377cc2d10430e9af1cd8d3,f3069a416e71d0fd68d9489752b6fe41,negative,late_delivery,medium,"Delayed delivery, anxious about it",ollama
5d75b63ae0fac2c819031b51170b9f1e,de4958b5bf2da2859150af8192c3a3d0,negative,not_received,high,Product not received yet.,ollama
fb294785318ff4fe22ca2ddafea50bd5,6267698d4c51c2ba30ffcea3adb00e95,neutral,late_delivery,medium,Deliveries should happen together.,ollama
8720a02d73ae9269986af88c0cb3d9de,f999e26054da652c7caa0da95228c9b8,negative,not_received,high,"Product never arrived, want refund.",ollama
6b7ec53e7a8a38aaaa12b33f5b7194ea,e6923cdf9090c6636e480d50c3512344,neutral,late_delivery,low,Received on time.,ollama
629fe3d363e11283c24ab12d9f5e8775,a6a62b06c5d37cd28cb1040a710bde38,negative,wrong_or_missing_item,high,"Product not delivered, kit missing.",ollama
d68530d7245654130101c5f100b30f58,35bfea17ea4bd00955284e537d942995,positive,seller_service,low,Fast delivery.,ollama
4faa00afd506005a3d02010349b53761,57f71871671e74366cd5985f2dc2ff7e,negative,damaged_or_defective,high,"Poor quality, pieces don't fit.",ollama
dce79f00fe68b6878ea75ab712bcc327,33cf8e9da9865079f64965b83061baae,neutral,other,low,Everything okay.,ollama
006d91c83696c3868dd24533c65ce0be,3e4c2286500a9d3194bd7d92434c8233,positive,quality_not_as_described,low,"Beautiful, arrived early.",ollama
c5c5903dd1a8c079e53bb304e7495431,932a4c2b008cc2ca1f639a4df8aa42d9,positive,praise,low,"Fast, well-packed, good quality. Will buy again.",ollama
d5346a5b8665ad1139f2d7384498731f,0b9bb234d95f41600497d59b42087c39,positive,praise,low,Delivered early with a bonus,ollama
4be8f192d5f1a2fdb7b1696f5384e356,e6645cd574bfc71b276a102797036491,neutral,late_delivery,medium,Delay due to postal service,ollama
0f79d05122ef0b177fa577ac079c8d54,ebba22ddb17ae5e213971c8246de7a47,negative,damaged_or_defective,high,"Received non-functional glue, very dissatisfied",ollama
b8906bf83dd66d84d729a479aa3de86a,494984e8205ee711abf407b39548f85c,positive,praise,low,"Good product, delivered on time",ollama
fa6092a7298e91123e5f5aca38277431,59c6d70603e4c4447067afb1291d725d,negative,damaged_or_defective,high,Broken product received,ollama
7585439547a5fe024279ff46bee42c7f,965755dbb84ff452c0e084ef9d1f21a3,neutral,other,low,Very good smell,ollama
1da2e56ec0f9bab88fa08b03925709cb,736414f61ce49a5c19e5b4700fa96d92,neutral,other,low,"Light, thin, simple",ollama
81a63910ec1c2d4282b6d80a6f7b346d,1b4ef3bdad72cad23a9bd4b06f87ab7b,positive,praise,low,Highly recommend,ollama
0033c4e5fa788424efcc3ed56ab353b1,108ba0b0521d3a6629dc825044217a57,positive,late_delivery,low,"Delivered on time, well packaged",ollama
6bb66dbd10727a05420ea87617e165e7,6cdc6614473c4e81f86feff55e54d964,positive,seller_service,low,"Delivered early, product received, loved it",ollama
2c92f770cadb6d43e5ff428e80e2624e,7401e9523d2377080c54f7ac11967b95,negative,wrong_or_missing_item,high,"Ordered 2 units, received only 1.",ollama
6514f3f18f90c2749f88fd0b24d25e20,f8b96fd393ba501c08394f9f84e8f077,positive,praise,low,"Very satisfied, beautiful product. Recommend!",ollama
37c4111848e2210d47f4c7caddaaf8c5,6744ba320cc05c157f4ce99347a87e12,positive,quality_not_as_described,medium,"Good quality, approved...",ollama
92a519a7533d3cfc4be0db8edcfe4b26,6acd3616b7579eb36261469ad2177fda,negative,quality_not_as_described,medium,"Mantle liked, heating weak.",ollama
bc497e5d264db7eb267190c6fecb955d,5f81f8debb479300dc3ae13616afb823,negative,late_delivery,high,"Not delivered on promised date, no justification.",ollama
fd731670f93fa4f1340c0eefa2686e2b,7a11a4388ec8fa8d1f52220d47de5a58,positive,seller_service,low,"Product as requested, delivered early.",ollama
c18636fae81657b65354a21fdffed916,c1875eb040541568d58640849b68b052,negative,late_delivery,medium,"Good quality, but late delivery.",ollama
abd915af6514b29fd9b029f76286f85b,4198c92e06d92792e49f119f659e723e,positive,praise,low,Product and delivery as agreed.,ollama
03f56c053319d5071ac47079213cc0ac,2f26e696a07ce7c631264062c683b467,positive,praise,low,Excellent,ollama
a70c7d53f25f6e00e41c4897824667c7,3aeb5dc8a6c964b163a87ad39263bf0f,positive,other,low,Product and delivery as agreed.,ollama
e0ec3ee0c33d0cc21d4b333801bee4ba,3243b6004aa13062aab8b5d81b54fc98,positive,praise,low,Great product from Lannister.,ollama
25c11cd01d074a3e77a012164c4df329,e5882de2409ffb5a26782367e95b91ba,negative,late_delivery,medium,Second time delivery issue with Targaryen.,ollama
6ccef551dee54ceb59a39249f46dc78d,01786fff06f2f7e8a83950c4b3b424ea,positive,other,low,Practical and well-lit keyboard.,ollama
667fb15825dfa618b7306a432ef4c95c,d118d545516947d2d82fda28e9d631af,negative,wrong_or_missing_item,high,Shortage and incorrect invoice.,ollama
54a4505328821ae85df6942468b8cbf1,b4de3b7a1fd0c8b6481454b3e3c02a52,positive,seller_service,low,"Delivered on time, recommended.",ollama
dafcacb31892edae1f4d24908afab86d,690337f788f183f4f56c8d5c87c1aa2b,neutral,late_delivery,low,Delivered on time!,ollama
2c6c22e94f53c3b5153705fcfb2b58a1,9e4e44e1a6c68a8d59b97d5e6c241974,negative,wrong_or_missing_item,high,"Half order, wrong invoice, suspicious packaging.",ollama
29edcf7609fbaf27d49381df2d2f6c4d,12c03d5b5ba9badd6cc9bf90f981ca92,negative,seller_service,medium,"Trouble with return process, awaiting resolution.",ollama
eb508a1736bce043a9ca1759567e89d9,2e1280399c65455d35233b8e0144d883,negative,quality_not_as_described,high,"Poor quality, easy to damage, not recommended.",ollama
0e18d426420da859dfd6fb4beaba9efe,6561717586fb2d3ae85fce2964f600e1,positive,praise,low,100% excellent product! ,ollama
8f8c17723a010d7c0ff2ca69f70e5096,706b9cbda5d9ac137f8b484774d4c2a9,neutral,seller_service,medium,Waiting for response and clarification,ollama
ebd8c36f73727c1d773bcc9ce716615b,dbf2c0164b592abca90f6c6817f37a9b,positive,quality_not_as_described,low,"Good quality, exceeded expectations",ollama
264d2fd81599b4c17af4a6e91dadddc5,156168da8a5dcb5224afcebe8b0a9c88,positive,praise,low,"Good purchase, delivered early",ollama
763a41a4c61e076532d74bef69d4187a,b30659f06b33fcd3ffad36f031b503e4,negative,wrong_or_missing_item,high,"Wrong item, doesn't fit any Motorola",ollama
cab77355bbb04d55276d35a2bbcf2d27,05728fca024954ba1ce915ad5c94991f,neutral,late_delivery,medium,Need to review delivery time,ollama
08d87cd641df4094d0d21c87d339b71c,9321040d6f0176fc3327a596dd023d6e,positive,praise,low,Beautiful watch,ollama
67caff29ba033d18a15fdc393f9f46b3,d578a6c1bb288c7f9a25b8cfbc3ab962,neutral,other,low,Blah!!!,ollama
873200672bcb18d7930c10eac012f5e0,a13d02b31625a8f75ca5aa080d698c8e,positive,praise,low,"Perfect purchase, delivered early",ollama
f6cccf487ca8916a9323b8f0f868504f,90a6ce43261478f0aab250a72e3cdfce,positive,praise,low,Recommend to everyone,ollama
f3c51fb5304edff79d96323c40cabe2a,ed6276997e362e1ac151005a739fd684,negative,late_delivery,high,"Urgent equipment needed, late delivery",ollama
f78bf8a4d85feed4ee0ccb67d25672b9,89e9df58f9467394ba51d33de90781b4,neutral,late_delivery,medium,Waiting anxiously for delivery.,ollama
833f44ee5260e0f1dacf9f70c86c255f,9b9273325c81fdbb834a17e020c6d131,positive,other,low,Item arrived as expected.,ollama
a941b7f950fdfff2446130ae1e4196d5,af0d093d4fc8b3cba32896affde05812,positive,quality_not_as_described,high,"Good quality, as described.",ollama
018508d725399f218577be12037e0823,3115a0ecede1ece608fb651ff9ebbe73,negative,quality_not_as_described,high,"Wrong product, incorrect model.",ollama
448ca466adb14867e15255a3b78d1048,2930e165d2d299f01940b519c86c7ee5,positive,seller_service,low,"Fast delivery, good quality, confident purchase.",ollama
24e63fa1d12f379cfc670c70f509b3b5,9561a9943b36636b3756df14b0aa72fc,positive,praise,low,"Excellent product, exceeded expectations.",ollama
0fe36191747b10af0dabf9a822175fbe,e7fed674bb29ac98193d392f363cfcf1,positive,late_delivery,low,"Received on time, in good condition.",ollama
3ea2e50418500a803abbd47ede7cc813,e9412fef2accbb245c4232829673c90c,positive,other,low,"Good product, met expectations.",ollama
2b5f8e4ee49182f85de7efa1f0b5db0b,01f9f30f42a15cb09e70666d0df18856,positive,late_delivery,low,"Received early, as described.",ollama
65d8fbffe3d18b1df2de1d8503ef1713,8315d20efd172922fe1c655bd46f75e1,positive,quality_not_as_described,low,"Good quality scissors, precise cut.",ollama
c5765758ac9b87f1dbff1aa1f032141d,f3f10317ffc85603d3812d7f6467d4e7,positive,praise,low,"Product on time, good quality, using it!",ollama
373c30fff42789f853ba4e74f6a11ff8,a430c3923f187d00e67e7fef037109d3,neutral,seller_service,medium,"Good quality, but extra costs for pickup",ollama
172f7b6d686d828fde80e96705961576,03ba490d83feaba677aede829ff79db1,negative,not_received,high,"Still no delivery, asking for update",ollama
c68afdda46cd9f4781cdc920bec2f32d,7d7b903bbd7d3b762ad60115c30185f2,neutral,quality_not_as_described,low,"Good product, but not my preferred flavor",ollama
608e890852fc78c3854d83a0cfab8557,2d1f07a3af3df1ddc97efd57a74be3a9,negative,not_received,high,"Still no delivery, over a week late",ollama
2d75eba2b2cfa2b198c71a0b7109e471,a15a149fd87880e3377135d01822240f,positive,other,low,"Very good store, safe, fast delivery",ollama
0b3ef6bd8e3e231302c8ebaa38a40c5a,4969cddf1cd3a57ea95fe8c3b89a7018,negative,wrong_or_missing_item,high,"Missing two items, want refund",ollama
b821bd2ff90350187f76bf65e791b22d,c6375a52330f2050e91fdca954b2e817,positive,praise,low,"Great store, recommend it!",ollama
58aeb654f6aaf054d6c5a001a1eda128,b02fefc3800702d58c988da39c132902,positive,late_delivery,low,Happy with delivery,ollama
7305b636a2af61582c8b20a9bf9888e9,dc9b66f791e6bc0d3a44e2c513a1d117,negative,seller_service,high,"No response from seller, can't talk",ollama
011a79e87b0273bbbe67a913a8230bd2,8a8ff2c8a82c73abed3c70e90953f0b2,negative,wrong_or_missing_item,medium,"Wrong remote control for car, missing features",ollama
34225aad00d699f4bddfab036e4e81b5,1ccac023123acc23d8b0af4d3190069d,negative,quality_not_as_described,medium,"Sonic remote not as described, missing stand",ollama
444001b21e55ff06012c0eef301be4df,4160b6447ad70e6d73f7221dd970bbe9,positive,praise,low,Great product or service,ollama
7438327627986a9c97f1cf77c197b9b3,9ff4440ee0d71eac7b46592220856401,positive,praise,low,Great product or service,ollama
84e1b02ff4ed50cc9823db1ce911e879,64bd3e880a66ec01c58e06862dcb82fc,negative,wrong_or_missing_item,high,"Received wrong item, missing units",ollama
fb6728918481af11f4505492fb357a21,2ffadff8f7a40dbdfca0c73854250003,positive,other,low,Product delivered on time and perfect,ollama
2c504615ce5bd2e3aa83c2bb39f47256,3f72f100dae2b5099ad6e5a486e95ec0,neutral,not_received,medium,Waiting for product delivery,ollama
6f330a603a639a0c7fa37fb3730e0eef,ee514292cc5c49e7bb2856b564c4188f,negative,wrong_or_missing_item,high,"Missing item, unable to contact seller",ollama
42ed9263e5c61206281d18d2daf002db,40b84381ff8cf557a3be3ad7b29421a9,negative,not_received,medium,"Product not delivered, had to collect",ollama
f3028881e2695f7d3762f8e743645a55,b04a982d508ac09ea6623617f5748052,negative,quality_not_as_described,medium,Product not made of leather as described,ollama
ae1704594801246693d4dd9a8cc7cc30,cea7e28bd63ef382ebf6010b228208f2,positive,seller_service,low,Great service in all aspects.,ollama
2fabb747f24e26098145252ea7acdf74,184dd3c3d6153c3128cf53c3f7c9d60c,positive,praise,low,"Good product, liked it.",ollama
2abb25fde5aafe9bc85d031dffb2f4ac,7f39ba4c9052be115350065d07583cac,negative,damaged_or_defective,medium,"Wrong item, product amassaded.",ollama
9a00663de714ea8c26cc8df71dc36d0a,471f14841f8ced80a4c1c6dc08a32eec,positive,late_delivery,low,"Quick delivery, no damage.",ollama
1183a732a40bcbb78ad519b4e8a509e0,dce46d381e2e85296ceba3ffbbe234b8,neutral,seller_service,high,"First online purchase, hoping for resolution.",ollama
76bd80f1e12e2168ee7bb5679f4fa32b,da247734fd12086e1e8d57ec49718066,positive,praise,low,Very good.,ollama
e964c3180d2b3ed6fb1ecca6bef96eb9,f354616598afd38e38fd8535d22a79f6,negative,wrong_or_missing_item,medium,Another item should have come.,ollama
39e15a39e19c10efc0a9b1327db5cee9,38edd38dc17b36d7fd7554100453f1bd,neutral,not_received,high,"Can't evaluate, haven't received.",ollama
ad031866bc74025f25280e9fecc13beb,5579e05d13430813508d862a0dd812fd,positive,quality_not_as_described,low,Everything correct!,ollama
d0b7e8bbf08bfe6d4a9e4abc110b7061,777ee9fd50fbe50e788ef536b1656b08,positive,late_delivery,low,"Always arrives early, love it.",ollama
40fb81155cf42ea67e65b211c5844bc6,9dfcb922e1243614936a4e9514ce45bc,positive,seller_service,low,Quick delivery,ollama
030a6bf487ae912d9d85ea8ff6c71626,53177d318c723e378c2a2aa1e9b2ea8e,positive,seller_service,low,Very fast delivery,ollama
3df4fcbb88c8c369287a85f708db236c,da2875319484a07f1f78221c26e013c2,positive,praise,low,"Recommend, on-time delivery",ollama
03481cace568fd150210bc6eb7ed8f83,b70f6b5a22ff6a89a473176bce5c5f88,positive,quality_not_as_described,low,"Good quality, on-time delivery",ollama
61a10f8b0785d3205fc64bc128b7b53d,6d29261d1991c6c4e47ac40e5642e3c6,positive,seller_service,low,Delivered before promised date,ollama
8f6851941a83caa765dcc71bec613d05,014ffbfe2df4c96a2b063d084583978f,negative,wrong_or_missing_item,low,Wrong color and buttons,ollama
922fc561acc74b44673b99c8e44cb9c8,8280bddb9636fd420fecbd96c5b0c877,positive,praise,low,"Excellent product, recommend",ollama
31f248214c52e4c20178be23d5898f6c,2d0a9e6d2de5c45b98c59fdd868f2076,positive,seller_service,low,"Exactly as expected, fast delivery",ollama
8a95db662c93c6f7c53bed1ee1f7e931,41e327a61eeb27d89afc2b2f39caad7e,positive,praise,low,"Loved, beautiful and durable silicone",ollama
fa54a87dec44c1a4d380d81d63719dc6,f0a795dac0e5cf6a6f98cdcab173ffb8,positive,quality_not_as_described,low,"Good quality, fast delivery",ollama
179eb58d89cacb452762401af33c7a42,c549f0d88f33bfe43351b893f1fb55ac,negative,seller_service,high,"Product not available, poor customer service",ollama
a3c8ed6626888aa4034767eb56f1bc6b,4d71a2a0282a7080b9b93eef2dfed23e,positive,praise,low,"Quick delivery, quality product",ollama
d4d2f1bfbf00f6de01186589a87fbce7,89cbe85970695c78a58dd5f1d0e0fd35,negative,late_delivery,medium,"Late delivery, no updates",ollama
bfc09a1f0c25985c969a7a048f38adda,2a4e9cc2c53dd020a94fb56a25e0be57,negative,damaged_or_defective,high,"Damaged product, poor quality",ollama
825745f56ed3aa0dddad66a41157854b,73f9e828566dd0de47c067e6ec94c989,positive,seller_service,low,"Good prices, fast delivery",ollama
d8a5a8aeeaea77b4d7fa55fc7356c434,20c8ecc3191ba43d600bcff60029c6b5,neutral,praise,low,Punctual delivery,ollama
0a9dc1c1615d17d68272f1b8fd9c8b7c,ebf5000bc2e96a884fd7536b9d28100b,negative,not_received,high,Did not receive products,ollama
295975378bc1f214e8a95950ef332389,2dbba3ef1fa8a1a6f4ae1de6b6fd092f,negative,quality_not_as_described,low,No manual in Portuguese,ollama
db241bdac1b4a642ae649378a103a2a1,f6d9acdd7ca0c1bc3caad5661a1be806,positive,quality_not_as_described,low,"Good quality, on time",ollama
d80ea518d978a10ddbf3a3d2cd33a932,1a4cc8edf7721a5fa7f601f25703c793,positive,quality_not_as_described,low,"Product as promised, early delivery",ollama
55b4b05e49d964442344e92e71cfe9e8,adfb15b690df8a5aa4c327edfc6ea9f3,positive,seller_service,low,"Excellent service, tracking and delivery",ollama
6786600567b129490273ca8fefa7ed71,402d1de1e7261ecc31f90bb5fef7afc9,neutral,quality_not_as_described,low,"Good product, but not as described",ollama
32301d938b0be55ff998110fa2de27c6,0ff91985e1cbf76b8e97b408d735f7b6,negative,quality_not_as_described,low,"Product does little, quality issues",ollama
b2b68bb92642b9bc164a07c7f78a3db7,851b8de268e532c930dc8f315d1434d0,positive,quality_not_as_described,low,"Good product, but packaging issues",ollama
13ed261b755adaf81d0ced69dfdb4bad,10dd6db4f61345e5fdaeebc10db28a72,negative,wrong_or_missing_item,medium,Missing item in order,ollama
a8cc3d21c7993265b58cd48376cf9ce3,688e3682bd719f71232cc322252fb045,neutral,seller_service,low,"Good delivery, but packaging suggestions",ollama
2ec27bd06634f5060d41ea90d6a0ffc6,30028e2a89c8feb5f30ce00c5f3f2cf3,positive,praise,low,"Great product, successful delivery",ollama
9242151d4b9cbb6cb8152216f0c2395f,a547fb168e44ce6b79cdea200a3c9b45,positive,late_delivery,low,"Delivered early, good service",ollama
60055867034680848bbc8ca6980c1656,81897e3300d655ed456f166e3b362b2c,negative,damaged_or_defective,high,"Defective product, request for replacement",ollama
efeccb75de3e9594af32083bbc3bc827,2a18b3d0f12775db98aeb028d0e388da,positive,quality_not_as_described,low,"Great product, but not worth it",ollama
a21649ce25ab00bea1d24167f6fa0ef0,b7d794a0d512566c47d3ffb585bb3805,positive,quality_not_as_described,low,"Product good, arrived on time",ollama
e683f30aaf9e0f38c8814e30a8e8ed3a,0374e57efce00e3004e93acd6310c58f,positive,other,low,Great,ollama
4aefaeee5ed09296c3352265560dd522,94cbeb924291c55038f6d70ce58944d1,negative,wrong_or_missing_item,medium,"Wrong color received, 2 items ordered, 1 received",ollama
f1cba0ac840dac58e4b619bd3424f443,a17af8e6044c5ccaa87b1d97559dc554,negative,quality_not_as_described,high,Product very different from photo,ollama
9f44239b8be4526385339833fa12f344,04a2b4ee7fcf9fa8bf25b8d5bc770152,positive,quality_not_as_described,low,"Product as expected, good quality",ollama
371e1ee3d7ca54b51a6801076440054c,93d350ebaa988529d9b1988c454035b2,negative,quality_not_as_described,high,"Fake product, no fixative, smells like alcohol",ollama
ba6e76deef7a24dc1d2cea3d1107f5fc,1f7b0324ef30f1bb6e2d6482833fb9d9,neutral,other,low,"Product as advertised, slightly thin fabric",ollama
88fac74af5c31634c89d748601b761db,378a499627b8ffb6fe276c42c57a44a2,positive,late_delivery,low,Delivered before expected,ollama
07f2357e36a8e6a6c70f4e4d6515aff4,8f2b0c41d21837f8c6d4682867c66ffb,positive,praise,low,Very good product,ollama
4086792794a873c29e207769effcb301,e6602e10c88f7439767c3edfac0b00d5,negative,wrong_or_missing_item,medium,"Incomplete delivery, ordered 2, received 1",ollama
22bcd48763409ec953010f3997de3fa8,d80acd042318a15fe9be8faa8ee23d06,positive,praise,low,"Perfect, fast delivery, good condition",ollama
b9e637f0dc50f898cf987d355ba93130,bbfaea06953d72e48fcf89341d352638,negative,wrong_or_missing_item,medium,"Received only one item, another not delivered",ollama
78f743672188537413b2e591bf060851,2045198a6e7202ea847fd4816f7dde74,negative,quality_not_as_described,medium,"Wrong size, didn't match official product",ollama
57bcbe19add76a4789eb9a5220952aa0,ecf079f16ac07328e5153aa201fbbb1e,positive,praise,low,"Beautiful watch, great delivery",ollama
0a9497f91c726150f27456cc296fe7f0,c8947a583ab9791a5a9d02384cb84302,neutral,damaged_or_defective,medium,"Damaged carabiner, fixed it",ollama
cc6af213b571171ee0ef75d1a9c11c02,b9de9e1eb84649fb4958de11ac492b6b,negative,damaged_or_defective,high,"Tortured carabiner, recommend fragile packaging",ollama
aa3f18199305ddf77662886f93b5091a,2b7dbe9be72b8f9733844c31055c0825,negative,wrong_or_missing_item,high,"Missing memory card, want refund",ollama
716db2217866eedf84772dbab6536e0e,51d52f115820f57bd947308b77f392db,negative,not_received,high,"Order not received, not delivered",ollama
9d409c48d1fdae4d5c2318c64c42e2a4,2b9ab62e402a43c64978b895150c6c0d,positive,praise,low,"Fast delivery, great product",ollama
3e8ec20f100a480edc669cb4d485c5ef,3689c2503baba1c0879d94cdbe6d6d60,positive,praise,low,"Early delivery, nice notebook",ollama
0d4774d7e47f72beb75468f7113e8d3c,5e1ee454abff53066b6f4b3455890977,positive,praise,low,Very satisfied with the product.,ollama
1a1ac65f68af37a9953f7c3f1de25cc2,2f731cfbee2fecc19b83992498f23c25,positive,praise,low,"Great product, great store.",ollama
91b434f348e9490f8165a16a151a918c,44d102270bbbdd2cfb70dfc5fe33c4bb,neutral,late_delivery,low,"Delivery was fast, will check the quality.",ollama
7ac8a3488684fea50c69b09283954f66,9df520859ce9b45d0374814efd12f9fd,positive,seller_service,low,"Recommended store, fast delivery, wrong product.",ollama
dfcc31dded0ccf5c69fea54efa802aea,9b04d275dbe50bcbb039286dbab3288d,negative,late_delivery,low,Product arrived much later than expected.,ollama
98fbc4211faa4df726579c8aa88e4ad2,4d1169dbb1880a13338378683225356b,negative,wrong_or_missing_item,medium,"Missing manual, had to use glue.",ollama
7d1c34a10094d5f0b74f0da398f60246,12218ebbacef18ed517a437b562c7d7d,positive,quality_not_as_described,low,"Product as described, very fast delivery.",ollama
d3f69299837ae9a0b5414838a9650f9a,078095c153e500cfcdd068f00b8d2e98,positive,praise,low,"Great seller, fast delivery, good quality.",ollama
2c96cc82be63e41d0fad8b8f364dc4df,7e80537703a1b61bf60fbc4d67e0d641,neutral,late_delivery,low,"Late delivery, wish for faster and list.",ollama
9679909703b398a06a973382962cfcfb,fcc5914e9f71ef930cd32cb26b3563c4,negative,wrong_or_missing_item,medium,Received only one of two ordered items.,ollama
ca4b44173273a589726cfea7f49fe71c,ec604748dfe7d284c0316cf22cac3b33,positive,praise,low,Good value for a domestic chair,ollama
ed0b73ead8a6667f5d9805ae9c733023,2927bfd9342aab183f5fe48c4a8a397d,positive,quality_not_as_described,low,"Fast delivery, quality product",ollama
e0fe91c619f8c3448e6aec4bb03d584e,9d35fd8f543fd6c4f8369add0105e531,neutral,other,low,No opinion,ollama
f932b31e3a249ccaf6eb1edcc132f049,cc6e15491d167d2bd2d0eef0d14970c8,negative,not_received,high,"Did not receive product, late delivery",ollama
de726e8f6515c4b974fae145e795d0dd,387dbd8ab95a2cea602adfc5434f7258,negative,not_received,high,Did not receive product,ollama
d57fa5ecea57b52ece3c938f21a89264,8ce6aeb98624ab2ad6732488877b875e,negative,damaged_or_defective,low,"Weak sticks, could be stronger",ollama
4ad91181d6ae3a26d1cbf009c0f2662e,3208081336d844f7752b1e939dd1bbac,positive,praise,low,Nice decorative piece,ollama
5cbfc758b5164e2e95ed1fe6c352aed9,28249398ab902fae0b07378e03da3729,negative,wrong_or_missing_item,medium,Missing one of two ordered tires,ollama
7d0b3cf7c1112ffb5aa75000c1fc0067,6dcf0aeb8b1eb4021c26e1d0e9394979,negative,quality_not_as_described,medium,Product size does not match description,ollama
7cde8d21243a997106a2ae5149b39627,9438f6c0cf20659264fb0e46832b4da1,positive,quality_not_as_described,low,"Product as described, customer satisfied",ollama
8ccebd6b81ba08d55067eaaa77a37d8a,b67ec52e59f354dc01f81cc0fea68f1b,neutral,not_received,high,Did not receive the product.,ollama
5fb66cdc25fef20eacb20560cddd82a7,50d73aae647c6c12616d5bf9e6aee1c2,positive,praise,low,"Beautiful, well-made frame. Highly recommend.",ollama
19c718798d3e3aa315b9cbc7f3724091,fc5940447e1729d88293fb999ad3c2da,negative,quality_not_as_described,medium,"Adapter weak, not suitable for compressor",ollama
f00abffd2cffb032dfedc22c05cfd105,b02cdf25c3ec98d2a8c9c0906981e3af,neutral,not_received,low,Received item despite email saying it wouldn't arrive.,ollama
2cea14e4b82602663d67f4746774cab7,1ea11b975aea60ca92fa0559184d3d34,neutral,seller_service,medium,"Good value, but out of stock and slow to contact",ollama
d285564cab099ed8017ec305aaa39c88,0cadc06392b4f42042d688c35d6a1c16,negative,not_received,high,Did not receive two HP cartridges since Feb 25,ollama
ff688df8e64f78a5e87bbc985da58f04,8536dc31867441665e91bd1884575788,negative,late_delivery,medium,Product not delivered on time,ollama
3fac31e7198f588a7cfdc106f0466491,26227999b191329fe62cd797aede5270,positive,seller_service,low,"Liked the watch, manual could be better.",ollama
0eafd2c26b20b9d764644159c54e81ef,eaca2f45fbeb00cc1d069840f0f13990,neutral,wrong_or_missing_item,medium,Received only one weak of two purchased.,ollama
c7cf13e8aacf00e7953120160ad7ddcb,49f02b4e9f14707b1cb78c09ecb89ed3,neutral,not_received,high,Still haven't received the product.,ollama
453811a7debcf6ad42502fc3a451f5f8,965e76a46add2947780548a4a1e9d661,negative,late_delivery,medium,"Excellent product, terrible delivery by Brazilian post!",ollama
8657c8a90c89bb585d003f7f4198cd2b,1b51db19999eb3bb34b405f52fdf9b13,positive,praise,low,Recommended the product.,ollama
6af5ac2e2c1ba877afc119fb08afe25a,bdfad190904dc2cc0fc9d2c54f58fedf,positive,praise,low,"Beautiful product, delivered early!",ollama
f45e3373e177f56944a549ff601f838b,2663ce3526465b7ee9809428adabdc45,negative,wrong_or_missing_item,medium,"Wrong color sent, should have been yellow, got pink.",ollama
3a3fe675ca87393fcd38fd964e1bc2ed,b09d3514eb1fbf519bbb6ad42114ea02,neutral,late_delivery,medium,"Product delivered on time, but status said it was already delivered.",ollama
b15195a1b61f6dd139324238334dd67b,788d6da30a84d084503d9e25fa8cee57,positive,other,low,"Purchased more to match the table, loved it.",ollama
abc1374dd341cd86dc9b731df6984b0b,ca8f94a99a8120c559e416275a535066,positive,praise,low,"Recommended, good job, well done!",ollama
88d60cc4481778a1ebd5bc404a0643a7,e8470f7ea8b4ca604cef2a97b725c27b,negative,quality_not_as_described,medium,"Product very different from description, poor quality.",ollama
e2bf51a1ce3b27bcf690b5296d9d763a,f9a5ad74c3deced30894f938bb3ffd31,positive,other,low,"Products arrived quickly, well packed, in good condition.",ollama
dc4164ec661af2fca5406546e2197388,d54233c194fdd8970ee0e9f44af097c0,positive,praise,low,"No complaints, always buys here.",ollama
452338edd7c3c3ec5b1c2462d77ff90b,9c9434135a5470caf1949e3cbf488d37,positive,praise,low,Excellent experience.,ollama
b345c9a72200c80988dae405a85cab9a,aa8c7fad85e2310540569bdf67fb25b1,negative,wrong_or_missing_item,medium,"Missing one product, need tracking info.",ollama
451a67182535939c84886d24f2724205,ec668d5f9d1521a83fc82fadfd157f36,positive,quality_not_as_described,low,"Delivered early, good quality.",ollama
93f13547fa54c54c3bb542d264b8c10d,7cfa6258a4b606dc9223e212c6cd1341,positive,quality_not_as_described,low,"Delivered early, good quality.",ollama
1e46466b590cf5386c0716a35d28f5bb,63d38b040204b98309d72e69123de250,negative,not_received,high,"Lost package, haven't received product.",ollama
8b3f4e8bdcd3bd5da7fa8cbad87a3893,d92d14b8e228a3d16418041f0e04620a,positive,other,low,"Very satisfied, good product.",ollama
54f113ad167a196e52d7f1cf5db36585,37e5806494067b6dcc269c80c272eab2,neutral,other,low,Awaiting delivery.,ollama
0068f12e441d7be6f20edab899c9e534,df0bfbf54e085e793d7b164f7c4304e1,positive,quality_not_as_described,low,"Exactly as advertised, child loved it.",ollama
c48da3ee08192817a8fe84e474e59699,b8376096f4d2956da3ab2e311c30c504,positive,quality_not_as_described,low,"Good case, right design, good timing",ollama
feb62ff70514d0bc893e46fa25a812c9,38dbe367a0d3a9f0954bc7593ea53b25,positive,praise,low,Very good product.,ollama
dce3a0c56f9b9e565dc037b54cb5d18a,9224db86cedf958891e1b1afb4ad570c,negative,wrong_or_missing_item,medium,Received smaller case than phone.,ollama
9739de15bcfa2914d68d55703ff1e97e,6e68d4f670783e41ced4e82d14debce9,positive,late_delivery,low,Delivered before deadline.,ollama
ec8b8ccae465bf1042a4e18062c9a77d,f38bcea38944dc89223a23571a1207e5,negative,wrong_or_missing_item,high,"Wrong color sent, request for replacement.",ollama
4c83c6d014be70939ac8f996733d76da,cf50fec98e2167d836c09c0ed57ba841,positive,late_delivery,low,Delivered quickly.,ollama
4332f367a8645e4a7417d18d83a3f8cd,8ebfefcc637fd6935aadd7b73c0c37d2,negative,seller_service,high,"Wrong item sent, no contact possible.",ollama
76537048c853c8ce4aad5209cd00ce11,9d3496ddb05aea6b6b9a675bfa89e5ad,positive,late_delivery,low,Delivered before deadline.,ollama
cb786081145ded2ec104714e38385361,330f4c4ce3d46e9f892b06e6f0bc9aad,neutral,seller_service,low,"Satisfactory service, except for price.",ollama
c4f89fd97322ccbeb2606d6fb904ff8c,b50cb79254a7760812a9607d3ea0d6da,positive,late_delivery,low,"Product delivered in good condition, before deadline.",ollama
48a5d29dd9fa7991bedf714c93bcfffe,1c68c68cddc15f7e365dc53a0e91e8f5,positive,other,low,Thank you!,ollama
e1038213760aac5fa26a25f1290023e4,9a602b72c06820975aaa136e4fb793b5,positive,other,low,On time and met expectations.,ollama
1572c64699a1dc5fcabb88f1149dcd2a,bfb4f8775924839c47fce828a6826d86,neutral,other,low,Received the correct product.,ollama
2850118954f1eef452845537e9628ad5,69a67f0ee0c09223e7bbd96233f1d322,positive,other,low,Liked the format and quality.,ollama
a56162b0276769236e7e55d11a063a93,e8474158736fcaca4c7f83b6f610aba1,positive,other,low,"Everything planned well, very satisfied.",ollama
2f195156e6aced30d4c2f000d6d6df23,25cbbd756ea300d0566add5ebb8b3a25,negative,quality_not_as_described,low,"Very bad, not recommended.",ollama
a6843675914cd7419092862c73ed0760,8e029d51bb988ddd1e92385dce8de59a,positive,other,low,"Very fast delivery, recommend.",ollama
815cff546bb55bcfada78d3fc5b984b4,8aea472a57fff07c40f9c6a4caaa3234,negative,quality_not_as_described,low,"Original claimed, received similar product.",ollama
4831a94f168aefe010b3442dc3a72046,2f0d37ea567190781b905fe413d187b1,positive,seller_service,low,"Very responsible, met expectations.",ollama
d633431e429435760bd300d75dd3c7e9,85bc57a3e811daa04557aabba27f535c,positive,seller_service,low,"Well attended, recommend, on-time delivery.",ollama
1a2c88e4992e1ade727fe9cd7f8719f6,7d68f1da2ad6d6fa877e000788daf541,positive,other,low,Liked the product and service.,ollama
d5d2c4eeda06926554fe79f1ab904d54,917d66c0042ba4ce09a08ed7023da134,positive,quality_not_as_described,low,Exactly as specified and on time.,ollama
ca2c0ff5ed267bbf35e45b952067fd6c,12d9fe1a3efa51a7fae337cba819adc1,positive,praise,low,On time and in perfect condition!! Liked it!!,ollama
869cee719572c43b5c72ce1c29da734b,46dba1d22a6ee9cb6200c1cb899f583c,neutral,late_delivery,medium,No communication about the delay,ollama
b6b3c8a313d6518ca8e590c30bfbc0a4,5506c622c9692ec1a2145b8b8f712eba,neutral,quality_not_as_described,low,On time and routine quality,ollama
5c8ba91536a9baefe1815b18b8a913dd,be625dc4e32d2e9edfb3a252306884da,neutral,seller_service,medium,Product arrived in good condition. Delivery delayed twice.,ollama
106b9dc34b6f1099a4dec3093e858623,35478bb4a9d91878bd6e7dce09e52bf8,negative,wrong_or_missing_item,high,Received hand cream instead of the product I bought.,ollama
1c7e2f8ef6b599af26210bcee0ec13ee,df27238d6c9c6613d769db297c4f670a,positive,praise,low,Excellent product. Arrived as agreed.,ollama
d45c11e184ad8ab4590b3a41e284fec4,9980c5519e01cc5a1c1c35bd247bb499,positive,praise,low,Very good,ollama
5aeb9c65a2e55918e68edda591c25f08,56b0a761e8e5b8fa1ac43fb1dfb8ad3e,negative,damaged_or_defective,high,Product arrived with broken case and battery defect,ollama
ee5d92337626519d937cdae22df967b8,21df4877f402eea02a4c1aab13411b1f,positive,other,low,Beautiful!,ollama
9acda548bfbdd4956350c47ad9a64560,86da41fac2d3f448976995f9b78c335f,positive,praise,low,Recommended product.,ollama
447e47d69f01af2dbf1a82d719409b6b,5d67a487bcc575e994f0e84e84823af2,positive,praise,low,Excellent product.,ollama
758bad7b69b4d2ae31788fd67568c772,de5e00f9f07e671f1664172898ebf7a1,positive,quality_not_as_described,low,"Perfect product, perfect condition.",ollama
afd8ebe540ed56e503df915132e81f11,8d4159350057e7ebf61c0083d75c8712,negative,late_delivery,high,Product not received after 30 days.,ollama
52f0e4be30fdb216f94ceec0d5747060,48cefe210d7a04f470fd6592ea91ffb9,negative,late_delivery,high,"Product not delivered, no contact.",ollama
84e1b02ff4ed50cc9823db1ce911e879,bf593abe2928b23b60cee1ff3471a4dd,negative,wrong_or_missing_item,medium,"Wrong item received, expected cages, got a salad cutter.",ollama
bc44724238658e1385b44181ccc68891,3398f00480d402f9b8522e6bda2c29d5,negative,quality_not_as_described,medium,"Incorrect voltage, needs fixing.",ollama
fe6305df1ed44d12e01290cbe8d92cf3,20aac17e27ac5fb3ebbf44a26b0e2d3c,neutral,late_delivery,medium,"Delivery took 9 days, expected 3-5.",ollama
dc90f19c2806f1abba9e72ad3c350073,0e7e841ddf8f8f2de2bad69267ecfbcf,neutral,quality_not_as_described,low,"Small for six cups, but good.",ollama
07b427dd5cdbb34c0af10344f4a0e8cd,b37a5129b6b810de3ce444dfd468800a,positive,praise,low,Beautiful product.,ollama
8eddc1c3ac2a98a69844e8857d734614,8a795486f112df15565463862960aa40,neutral,late_delivery,medium,Delivery delayed due to truckers' strike.,ollama
d194f3e6dfe9509b788c14b1483b823f,c3cf2a2c2e8b5cfbe960f65bf800b91a,positive,other,low,"Good delivery, waiting to use the product.",ollama
6199cda678bb8825557d8150a4c27f3f,d3db589726a9b7179c7aa92b6b6e477e,negative,quality_not_as_described,medium,"Product too big, didn't meet expectations.",ollama
31b8188fd392d0b2ada7c692614c81f5,b3b4fa618f64e34ba2f7279eceb646e8,positive,praise,low,Very good product.,ollama
567242d293a95247df6e29f6ff726c85,f713f69364d66b2020e04ec8892d1285,positive,seller_service,low,"Fast delivery, product as expected.",ollama
4f6a53483bcd5bb9f8b7ce54a0dd1d5f,fdf3b97e92962b8843c67a2c85c21f58,positive,praise,low,"Very happy with the purchase, extra gift included.",ollama
8d9d934ac0a89dd944ace6be82b41142,53036d8a739a905871d7f0096fa3b339,negative,wrong_or_missing_item,medium,Only received one of two ordered items.,ollama
320740ce644572d3b1f73592049b133f,b325a4afad33f2c09ba50df161457bdc,positive,late_delivery,low,Very fast delivery.,ollama
d0dbf3eaa8241cbfef6dbdc44167c1b4,01a15ee6a1b9050e7678b72cb4c3b486,negative,damaged_or_defective,high,"Product arrived broken, waiting for replacement.",ollama
6daf56f3e761c34b6bc1c1e36fd9ad6b,c8b8a114e6f6e79082614222a75d0353,negative,damaged_or_defective,high,"Product doesn't work, requesting refund.",ollama
7e3eb2e5bcff3777d92f9eb41d43878e,107dc783817b4509bdbe7e66998f5a24,positive,praise,low,"Very satisfied, delivered before deadline.",ollama
76118fba1aead24f91a411437693f3f1,9aad86a646fc47633629fbc7d2c2cfec,negative,late_delivery,medium,"Late delivery, product should have arrived by Feb 19.",ollama
76af96517d6533e2a04522fb7c0a73e3,20d442f17678c469edd1e02cd7da5e13,positive,other,low,Liked it!!!,ollama
bf20ed63f2d36b71c0a5dd883f91604a,7b907821024740432d6d005caa3451ee,positive,praise,low,Recommended,ollama
f8f15ca7f5c4b2dd76250f7201748b7e,782e3d360043ba18b527832597a53543,negative,wrong_or_missing_item,medium,"Only received one blanket, expecting the other.",ollama
90c7d15a2e8b60d31c8d0d14856b06a0,f669d5e1f9c13992b70a6d8fdfaa3e15,positive,damaged_or_defective,low,"Liked product, but poorly packed.",ollama
cd5456007623da2dd224661d1e058130,a4efaffc506a395c9cea7402b078c1e5,negative,not_received,high,Still haven't received the product.,ollama
20f7983323645b4fbb35dd293cd9e536,7b49220cf93758de83b2e9adefaca923,positive,praise,low,Recommended,ollama
df5a1b8bfafe453d1b936fcf12ebfde7,e116eac042ce23ba779ba603da515b4f,positive,praise,low,"Very good, highly recommend.",ollama
593d04dfec122a1da68b44543703e738,fddb24fad8de291576e80726636d7a7f,negative,damaged_or_defective,medium,"Frame damaged, not properly packed.",ollama
31e60ea253684567293ba02673d47914,a76c04c041ff4afb92ba60bc6385d8e6,negative,wrong_or_missing_item,high,"Received lower quality item, different from advertised.",ollama
67f300be4fddb206e5fad4e8a3bcda0c,fcde2f7449493b4f207a23fae117b0fb,neutral,other,low,No content.,ollama
a8b288904c26a36ecd837ac5b7ceb92b,06b8cdbbc86d64ea69af76036c523827,neutral,quality_not_as_described,medium,Received larger Nano bag than expected.,ollama
e3bc88451af67f3a7bb9b61320e97e1f,ff46263ff739ee2c14bc41c6508dcb6c,positive,praise,low,Delivered before expected timeframe.,ollama
e074b0d8f0472f2774eeea013afa65e4,411282320ee1ea91c2fc8351aee73b05,neutral,seller_service,medium,"Freight not detailed on invoice, need shipping proof.",ollama
98647d266a9aca582be10f5b3a6102a2,1146fb180e28dfbfdbfabd7249026429,negative,wrong_or_missing_item,high,Only received half of the ordered items.,ollama
a5fd451e89e09a05472f66a53df44db1,4392f572045f074cbfacbb5757ac5405,negative,quality_not_as_described,medium,Felt the bottle was smaller than expected.,ollama
848d5324b9cb5aa4cc0f6f357863c9eb,d888f4591d9dd27281a58331a6a9db93,positive,praise,low,Everything went perfectly.,ollama
a36c54e287afff8a465f9cc84a8b57ed,a560e0ea63089626704c4471adbe9367,positive,other,low,Everything arrived correctly.,ollama
e01205c76eeab0abed310684f222d993,fb797aee19d1e438385938cd482027bb,negative,late_delivery,medium,"Very slow delivery, total procrastination.",ollama
81e2e798b3f789e2667f1b09e0675d5f,eca4633566cacdae57271f51ebe79131,positive,praise,low,"Good delivery, recommend.",ollama
f6d1a7f2cf94f71f170d29f6d5e3a8fe,789a3ab8255ec03e8e36907cf6d688b7,positive,praise,low,Excellent store.,ollama
6fee746aea575478ad93b59c1d6f3c61,500f1d7b6148a81d7178121caf651e3d,neutral,other,low,"Can't evaluate yet, haven't received the product.",ollama
505271336a651e681deeac18807d4000,a07c319b821b5707ba0b018c7ad63aef,positive,late_delivery,low,Delivered early.,ollama
0c2e1b351bdf19e8936211d519c22e57,4c46ed4ad9c8faf7543b2f9f6598b607,positive,praise,low,"Good delivery, product as requested, recommend.",ollama
acbed469c0dc194ff0223099d5e11453,32dad65c7c23a695894f80922d9299ec,positive,praise,low,"Good delivery, product ok, recommend.",ollama
559d0de3fbceb6ea4bd7b5cd18e23ad5,6275954c6646fe2a6fcc3b1f7771de04,negative,wrong_or_missing_item,medium,Only one of two units delivered.,ollama
32079af30803e8e7cade4649527083f5,a54631fe619310f5beb87f833a0467e8,neutral,not_received,high,Didn't receive the product yet.,ollama
b31ef2aef0545562026a80857c6dfa56,ad1aa8b8efedf5f8fc4712a4e380cc4d,negative,other,high,Frustration.,ollama
1d5b81e4b2128977eb81c42003e10014,3860050d9215e2a3b78cf97bb1d5c65b,positive,quality_not_as_described,low,Only 4 stars due to expensive shipping.,ollama
fcc932b2561f7556fdd38010004a8863,ebca4856d6b3b849437fe99d11633d25,negative,late_delivery,high,Excessive delay in delivery,ollama
8eaebf463e205cdcc126801ca343a33f,7977e307a9ea263c2cef8cdc9ccbbe26,negative,wrong_or_missing_item,medium,Wrong color sent,ollama
977dc65128b32e67361c66cbdb79ccbc,56a4b8bc220c0a92f54ecb2e2ba0029e,neutral,late_delivery,low,Fast delivery for a change,ollama
a763754329b54bb4933b3b70079f8a38,19e50267c874c90f2a5a2bc9c2719e2b,positive,praise,low,Very good product,ollama
0a294a81b7c6835acbe7ffb85f223231,78b5b205705f30bb989c4a6c7f8822e4,negative,late_delivery,high,Late delivery and wrong color,ollama
740c252ab9d551ecdf9abdf48ae8738c,68517b95130ed0ea1dbcc575b88d6a9c,negative,seller_service,medium,"Bad partner, wrong delivery",ollama
585bda4be33a211927872243b4adb85d,7180bb330cc6209bdf235f7a3a4b01f2,positive,praise,low,Highly recommend,ollama
5b44122993811991859d936e1a3dd7ea,9f39472adcdca3e6eeaf227576a1a427,neutral,quality_not_as_described,low,Slightly tight fit for Xbox,ollama
6a47bb59f6461a2d3332c872b734a933,8a91fd6aba27185220ed37dd535b3169,positive,praise,low,Great backpack and lunchbox,ollama
ad655324a63eb2a7ec280c4000fed8a6,5d15ec992a829ae0c5a53d8e6030f08f,positive,praise,low,"Good product and service, recommend",ollama
bae956748e8933913572b9819cdc5f9f,8713d288ea779cd5feda7c95e80abc74,positive,praise,low,Excellent product,ollama
37f8adb4d0404393da5930c9bc40751b,e3fa8bf19ae531c5ef5ae2264ca360dc,negative,damaged_or_defective,low,Cable loose due to improper assembly,ollama
878eadd5fe5f29bafa3ce0f12cafa5d5,9acd90340738747388bfb3af3f39ce47,positive,praise,low,Highly recommend store,ollama
c169e78bd408bb8547968920c037a143,b8c123fb1b26f1adfb0d6f9d17255de7,negative,wrong_or_missing_item,high,Received fake Oakley watch,ollama
a15a94088dd7890e06313a127f23d367,a22e1b3b7821386e3fbcd6d3c5c6c3c1,negative,not_received,high,Product never arrived,ollama
36d0068c533c08b9da8548f8cea77f65,329eb66ed3125473bd5c70dc291b2621,positive,praise,low,Love buying here,ollama
c951c1510e3dd15d9b489176186764c7,9b4c1520f96ed1e13a3d6f8c2aba947e,positive,quality_not_as_described,low,Product worked fine,ollama
f81a0eb89e72e72183eb5a59323811ac,5be2150d1f3d2a7917c0a7b4ba74c93f,positive,praise,low,Great product,ollama
158b3de470925f307e5be7ad976de7a1,9fce32b2462806d89f08af02712223fd,positive,praise,low,Liked the product,ollama
4960e2451a1a79af5291fc1fb0fecb23,d9769d29d698f5f17838e97bcdd1ef07,positive,praise,low,Highly recommend,ollama
3a8ad9a305e3cdd367e1b1c837562065,d0df06d018f93a2c4be0637e728843ba,negative,quality_not_as_described,medium,"Quality worse than photo, different from description",ollama
5953f52b557af98c07c3bf0a969bc0e9,02fafd9313d5274736b9740f23006a8d,positive,praise,low,"Recommended, works as expected",ollama
1183ae1d463e8d62b9ca693c25b2df39,83ed7c4e0711f817afe5a101582b8a6e,positive,seller_service,low,"Delivered on time, informed throughout",ollama
d796efc979dda6d8ab3a07cec435dafb,d895b69ba0803a2ebe648a624d6e3f08,positive,praise,low,"Delivered on time, well packaged",ollama
0b5104020a859834bf6ce4d25df07d27,494f869f61ebf5fd01f40a4a2a569481,positive,praise,low,"Easy to use, very light",ollama
29ad68e88858bd597ec1342fc0220172,5b85d25b6c241ebdfc09b3300a7af668,positive,praise,low,"Very beautiful, satisfied",ollama
03ca95cc4688aee454124f8c44d15a8a,86dda1172108d1601101914c45b51699,positive,praise,low,"Very good, recommending the store",ollama
96ab47052a57bbfbba3b48d4203cf1f3,1b038ed4462a55b31db5679b9597f045,negative,wrong_or_missing_item,high,"Received half the order, missing another kit",ollama
7adb642b2e90e4b6105da815066a6579,07bca5c8ae457c75c959c5e26fc04e3f,negative,not_received,high,"Waiting for re-send, not received",ollama
ad5686bb95d9515d17e0f5cc9ea5eb75,7e7c209ab4d09fe584822fd6c054023d,negative,wrong_or_missing_item,medium,"Missing 3 units, need clarification",ollama
10cd0e2607d4c26bdda44e0603103bd6,e4c35e0087c99d3416b1d90566f28e3f,positive,quality_not_as_described,low,"Delivered early, satisfied with purchase.",ollama
d3006c9fd3bef31b68bd680fe4098202,58edf3f5f282ab91e0f6a6f2b85af02a,negative,wrong_or_missing_item,medium,Received only 2 out of 4 Canon cartridges.,ollama
52e6cd205f1aeac712ad7f1927464c94,9124789e8acd7673ea0ce2bd9361a99e,positive,late_delivery,low,Fast delivery,ollama
f22466954dbdffd8e5136b26824da94d,f56dddd5a49e282a2747a25d6d7d1bf2,negative,quality_not_as_described,high,"Product not suitable for TV, poor quality.",ollama
0e82f5b81fc838e2f3218b743a8f9eb4,9a6327d5a077984fa3e3c659a24e7915,negative,damaged_or_defective,high,"Poor quality, non-functional product.",ollama
9a469381c6e9b52cdf2cb99b96bab878,d01376995a52b231a198a5f484b20841,positive,praise,low,"Great product, perfect for bed.",ollama
aaa813604595c1f6cf766d1d42a23258,64158e0be1de0bb467aec3c8d1e25df1,positive,late_delivery,low,Very fast delivery.,ollama
11d080870bba1f6ee139bd07dc192d2e,4433ebc14c69e56090cb4e96d574d9c3,neutral,other,low,Should have a longer expiration date.,ollama
8845e041a936a15c528030cafbfe38f3,a1d206a791daa08f58c1fb8e3ab028ff,neutral,other,low,No complaints.,ollama
068d46134e84c6eb27b45859217cfba6,79b49127db2c9bc718a161183671505c,positive,praise,low,Recommend to those who like a well-arranged bed.,ollama
c2f41b421287aca0a3e17eb6aea33628,cd39022e5751efdf258a1052e7e9bc70,positive,praise,low,Great product,ollama
056e7b5fa250ffb74d26d7baab739f50,9cc24e01fbb1cfd8cbb426c88f52ab23,positive,praise,low,Works well on my car,ollama
092ac2566004c3fe0909bf62e74de0aa,ea74dd3b5134d715abcf385bc904d577,positive,praise,low,Good packaging,ollama
64b8ff618cc211cacc6fee8a85d172eb,077abb7d4f87719b0a5cce22295eb775,positive,other,low,"Fast delivery, good condition",ollama
edc2037e2cd587e0cfc7af348e108336,1dbd4cdee432aa3ffded4c64c7b9d846,positive,seller_service,low,"Good seller, recommend",ollama
dd6e9d8ecbe106b6eddc67776eae3f5a,30d19b812b28dacc532f74cd39bba67c,neutral,late_delivery,medium,Had to pick up from post office,ollama
2a3150bfa653884b5a94b73bc7bfe5a0,f916cacb752116d552d42759c8da0cca,neutral,not_received,high,Not received,ollama
390d8904e05826a4f25ba037ac2a51d4,250587cf0cafce7892b56a47a1697833,positive,praise,low,"Beautiful, light, loved it",ollama
95e760b33c156f6111494adddbbcbd11,debae70295ed78cb6084b1f999e60724,negative,not_received,high,"Not delivered, no response",ollama
ddb8a03d265442d7af272325eef9bfb0,38c529a4eb301fab3df50bd0e3c0ecdf,negative,quality_not_as_described,high,"Product not as shown, don't recommend",ollama
223947ec19f3829f3c06e8263e0cbc04,e94d8ace7446337ba22419b2218a8303,positive,quality_not_as_described,low,"Product as shown, met expectations.",ollama
fb5f7cc71bff4a0261d76f798ea24dfd,9b34a8b59a65874925bc12d1551e5256,neutral,late_delivery,medium,"Expensive shipping, prefer in-store pickup.",ollama
8a3e5a69be1e3fb366f2bbe481a9b50d,10951d02d64917a34959abeb8130601e,neutral,late_delivery,medium,Late delivery with third-party carrier.,ollama
0efcdae05e04e706e9d6f8999cb6b564,8e4f9161e403e220dee5b8eb22f0a3c2,positive,quality_not_as_described,low,"Original product, as advertised.",ollama
8426170ecc3b099c443fb92e3314f6f5,019d79b37e56c6d56d6323fed0c54d70,positive,praise,low,"Liked the purchase, recommend!",ollama
28129031a9ee1085d53b1bc985fce5de,90ff532c672099e61c781421d7e8593f,neutral,late_delivery,medium,"Late delivery, received after due date.",ollama
d476ce8b04a3396a50c76e0504ca7622,c43947f61dd689e246ef64dfa3b8bcf8,positive,quality_not_as_described,low,Good quality product.,ollama
5133061e1d30513352f9ac44e2a6c782,b72f2809724c9676ae9bc68a12d9626d,positive,praise,low,Very satisfied with purchase.,ollama
bf23fa2a7ac5f0453d600376346ae330,6cd070c4e831393345297bfa86b24c39,positive,quality_not_as_described,low,"Quick delivery, product as advertised.",ollama
5d0742cfb9914b42772832287488e731,648637c544f762334d4ce9bbe88ebe21,negative,wrong_or_missing_item,high,"Product not delivered, demanding refund.",ollama
d2d0ff7f2173f6e1ac83de85e6e49f41,8a1f6fa828ef936fd572951d408841bf,negative,late_delivery,high,"Product not delivered on time, no updates.",ollama
96f847cba1f603068f5c3bf147cafd5a,b243fa91a6213ff97cc5ebdfb8e30a65,positive,praise,low,"Liked the purchase, product came perfectly.",ollama
923e09044b2384f2eccb2bea1b7da55d,932e09a4eba5fe1c7b8333f5b0d83d99,neutral,other,low,Ensemble,ollama
a161c704cfc720444aa3a4492f2fb4f8,118045506e1c1dda060171af43fe11b4,negative,wrong_or_missing_item,high,"Only 6 units delivered, ordered 6 trios.",ollama
63b4116e117b542eb85389471c7d6c40,85b58bb30d219374cf9cfdebbc5fbb69,positive,praise,low,Liked,ollama
eb61558cbb9f3ffee503acc196589994,070fcffce3b0a655482d4f5f11607599,negative,quality_not_as_described,medium,Product dimensions do not match description.,ollama
0f4c6ad80deb15065083bac96119e95d,6779a7a489f7ad48ffd7ac5472345008,positive,seller_service,low,Delivery was very fast.,ollama
431b0cb6f9d2b639e13d0baa4d90633a,79e449c1c0d89c880cb601cd5856976c,negative,late_delivery,high,"Product not delivered on time, seller's fault.",ollama
7b98de6a08680c910ba1d9ea87199cdd,c7f9c9ed8383be0c7514a7672ffdfdbe,neutral,other,low,"Jacket is good, but too small.",ollama
8cf79a962c2e818284ed93da518bb3f0,d0d6f28c88378bb68aaed959896a43f5,negative,other,low,Could be improved,ollama
33ef17e967c998d49ba849ac48d80e80,f8268f009c38528d7c7840a5d46ef8ca,neutral,not_received,high,Still haven't received the product.,ollama
28ccdb164626d8d580e9070d0913951b,0e7fec3052b5bdeace9c7f2eef9df18b,negative,seller_service,high,"Want my money back, can't cancel order.",ollama
f4d74b17cd63ee35efa82cd2567de911,a60c9bf6dcdd39e9f1c10ae5ad77c24d,negative,damaged_or_defective,medium,"Poor packaging, product almost damaged.",ollama
165dc27100a81175e456e878bd557d71,ed31c8b147c3a1c2c9e0eabf0f441605,positive,praise,low,Good product.,ollama
7309654bbc4d018d01bbeb8d7d512f03,09f929ce6d526af69a12f1a54230e396,negative,damaged_or_defective,high,"Product defective, not loading on tablet.",ollama
84432599ed49b9d3441e31cfb66e52a0,e2f9342700902ec06e33f82cf4d279d8,positive,praise,low,Good job.,ollama
afb30d999324a9bf0e8b8e8c36dd688d,8e65dc9111065511a3429687624b4fd2,negative,wrong_or_missing_item,medium,"Product missing accessories, still haven't received.",ollama
d76f6d4e5f6adbc77ec42f047ad47dc7,6ec4642f9993cc34f826cfb9068e5a2f,neutral,not_received,high,Didn't receive the product from lannister.com.br.,ollama
3babf78ea7ebd3395bd784072affc402,d454d6650d375ebc3f9667a4d2fe161c,neutral,not_received,high,Still haven't received the purchase.,ollama
80c7859fca0305868b4d97df4f01a27f,25a42a25fd4223696575df9383378279,positive,praise,low,"Product in great condition, great service.",ollama
cdda3f40ea81f2eccafb29c0509b346b,c093b337defb1739af5d4d2925cc9e00,positive,praise,low,"Great product, good quality.",ollama
8264d36d7d2acdd5be3cce51ebab7ea2,bcfacaaecd67dc247a67377e23b348ae,positive,praise,low,Love the store.,ollama
218f94cfb6ece02a20aae67923139da7,567b5fcbb939e9c7357320d26cbdf4fe,neutral,other,low,"Good cube, but screws loose.",ollama
ec1d08b198d2267fb1ec3624b37bfae4,c6928363562453a5782ff77bebe5bfb5,negative,wrong_or_missing_item,medium,Only one L-triptofano instead of two.,ollama
2d21e75003180229536862449480652a,69662b80ad8ace7ce3c7b9df1e29efd1,positive,seller_service,low,"Well served, delivered early.",ollama
536281825e8048de8e8ae5af2dbc628c,e43005ad5dc9d4727ad0f093ad35283b,positive,praise,low,"Best store, always correct.",ollama
d5ec0edbe1505d4f8c80f52d9c19f98d,574b6436062a78088de8066ee209f9a8,negative,late_delivery,medium,"Late delivery, haven't received product.",ollama
53bdd47e56c31c07e0c8b7c5a412a0b3,9734c61e70431951ceea6da4c1c2a063,negative,late_delivery,medium,"Late delivery, still haven't received product.",ollama
319a00108e04fc59298abd67b599b264,553a1f1b74cf15fe6cb4a01a627ab41f,negative,wrong_or_missing_item,high,"Missing 1 chair, no response, want refund.",ollama
7b82d97f13899670e780d3b728620ae0,dcc94a4d78476fb4123a1cfc3c8669f6,negative,wrong_or_missing_item,medium,"Olive oil not delivered, only towelettes received.",ollama
1ab04a11decc3b6f21c0264cad58ec38,5480f040b65927b72574473cce844a76,positive,praise,low,Very good product.,ollama
a3b8013d66a6c98c95c35244dc30cdf7,45e23c55f1e319a0808c5924598cad9c,positive,late_delivery,low,Delivered before the deadline.,ollama
89108dc405cb52d3af2130b200879441,0648c919c26e4ed9eae8879a4c17796e,positive,praise,low,"Recommended store, fast delivery.",ollama
2f6246bb1d87daff71cd5b4fa14633bd,c4fcb1aaed780b8c213652b55617ce14,positive,praise,low,"Exceeded expectations, very good.",ollama
ae56e75989242e9ec9accce5667ea5db,bf0a0b465be0fe8e8e83edb5bca69a34,neutral,late_delivery,medium,"Took a little longer than expected, but good purchase.",ollama
86b8f28757b213a5f9888c8f31f15dc5,8d48068c3ecbc21886a881562c96d7fa,neutral,damaged_or_defective,low,"Good for keeping food, but strange lid and ugly inox.",ollama
0d355fc85e14e1851a13f065774965df,65f0f32bf61ebe1f0fd39ef5c56a583a,negative,wrong_or_missing_item,medium,"Product not sealed, missing piece.",ollama
b12249ab53c0200b4d703f82d8740aba,08632fe0bc1f85190f242268f3410561,positive,late_delivery,low,Delivered before the deadline.,ollama
c189449ea1f4f229861f542c3fa38714,b4ef4b05fef13db5a94b0ccd497c521c,negative,not_received,high,"Revolted, no product after long wait.",ollama
6878e01db23645777454acbb91f10a07,c118740a09411f06ab15de06c2623c7d,positive,praise,low,"Great, arrived early, thank you very much!!!",ollama
7e2a158ac259903ff7648abc0e3b6dea,eed14d209dc537c9d99afb938efb2c0e,neutral,other,low,"Seems good, haven't used yet",ollama
136dc1af79e13c08e790cfbcdc75f293,fdafcfbadd88c33d4798432d3bcf6004,positive,praise,low,Recommended,ollama
886aaab9032de087ea52a4ac360a222a,bbeabf588cfd1094a645e92fcf277020,positive,quality_not_as_described,low,Product as expected,ollama
c1bb88345a3dd83005d4a98fb79c3c21,99e8dc72b2020747e03965e5af86816d,positive,praise,low,Recommended,ollama
f01aaa0150e499f0c268f8efc9d2182f,3d34e2eec4245acada65a41a949f2568,negative,wrong_or_missing_item,high,Missing one product unit,ollama
e3bd660600bf922da7cbe3d36541ed4f,f0a01b4f222cc1649a2e296b9efa16f1,positive,seller_service,low,"Delivered on time, would recommend",ollama
90004ff0d20e14b6f5b757cd459fdf8e,60c6e004c97f71ef213a3e080068e790,positive,late_delivery,medium,Delivered earlier than expected,ollama
b793d39edbe6996a67c88dca9a4e3aff,3334505458e0f039b5a43c32dfef2cef,positive,praise,low,"Excellent board, highly recommend",ollama
ba47b17fc0f29051db41fbdf12034e21,f9dd9a8cfc84d41422b687402ab4619b,positive,quality_not_as_described,low,"Trustworthy, delivered early",ollama
537feb6003aacd1558f6902b37e6bf92,e6cdacd5274dbf478d422d7144e0e9b5,negative,not_received,high,Still haven't received product,ollama
8f4ba372e35b8a1a7feeaca150e985d9,c9527d3d4735b810b3d42d45aabae2ad,positive,praise,low,Product arrived well before deadline,ollama
3ff3dbaabd3e6358b4e794e75855b5b2,b2dd81c62d0bf804a563d82998d8e1c4,neutral,other,low,No comments,ollama
59d134d2a49cc743d828ce3650e95b12,786fc675ce44d2428b2dd7acff0d890a,positive,praise,low,Very satisfied with all purchases,ollama
1071c3714bd7ac433f1b1ba6e0af9e9e,3a812c83660a31b9ff0abc06416a678e,positive,praise,low,Fast delivery and on time,ollama
d7c398e5fac50678952aa011a472f4f9,7aa4279cc25c67bbcf033b0ffa8e5587,negative,seller_service,medium,Company took 5 days to issue invoice,ollama
d530c25a788029e15bb6ad902446e38b,16a7204d840d81ed38a60b9539607280,negative,not_received,high,Did not receive the product,ollama
0826a3d39869bed34b66337c7a109680,29182856a24c6eeb1d7b81ba1fe63190,neutral,other,low,Incomprehensible text,ollama
aa53f3dae73bcba3a2297e87462d0631,47b057651b917dc455af22ed02390172,positive,praise,low,Recommended,ollama
61c382d33ead4560e772c646f9f6e90d,86757b84a26b96e53be8c8090ae9f96b,negative,wrong_or_missing_item,medium,"Only one product received, but charged for two",ollama
044ca71e6df0c0d4aa9afbd319a68ac8,88fe6c8d13fac8f0541f004562843994,positive,late_delivery,low,Delivered on time and correct product,ollama
4920789b5eed4298d3899a22de90171b,0b573ab05f5976a357a60e0d981b4327,negative,wrong_or_missing_item,medium,"Wrong color, will request replacement.",ollama
136f5b9ffb8520fe704db101eba838e8,4f851e6056e99764b563bff8fa90cd99,positive,praise,low,"Delivered early, recommended to friends.",ollama
061418b58ab495c8cc9e7f4fa1b46110,5a7ae4ca802c14fdff19558a4fee8727,neutral,seller_service,low,"Had some handling issues, but tech support helped.",ollama
cd1e0cf886e95b19265112f712cf11ef,a2fc0d6559cd85b95e1a02c8d97d55ec,positive,other,low,"Quick delivery, on time.",ollama
8f1bc7699efc1994c0e44b089b8564e2,6cec1e2a7601ff15714a60b8cb6f3b43,positive,praise,low,"Beautiful product, very good.",ollama
c04f014737030c452713c078e9156de6,ff3555a6834ab7c343f8b67157dfdd07,negative,damaged_or_defective,high,"Both headphones arrived broken, one side non-functional.",ollama
f24e1946d658c13928818f1a73b6d899,c4f710df20f7d1500da1aef81a993f65,positive,praise,low,"Excellent product, thank you.",ollama
bb70ad97e9ed193d7fa82d14d66c87c0,4b7bf1f7eb492ad33680ba2cb4c4ba56,negative,wrong_or_missing_item,medium,"Missing one pearl watch, need to be delivered.",ollama
a03c8f7fddca7a17e394deccbd8d1913,279e00e0fbb287131056b0612f84ab6d,neutral,late_delivery,medium,"Delivery late, expecting next week.",ollama
e1fc153beb1dbac5db9f022f9792d32f,92067448c4d19cbdc8e0f8dd683e63b8,negative,wrong_or_missing_item,high,"Product arrived incomplete, only half received.",ollama
4f8d53523919d0b48777d33e3394e08f,b997ce40f469fbcd2e163e6a2df04de8,negative,not_received,high,Did not receive the product.,ollama
f87b67c126dbceb8e017d8c1d624c029,07ba523a0c48b0ae0920551684e13ab9,positive,praise,low,"Product delivered on time, as expected.",ollama
65516d55b8f58fec096beee07e862b52,a1e10f6f3eb90b7fde54e6486a24b044,positive,praise,low,"Good seller, received on time, as requested.",ollama
a4fb2d6f2d7f0699f0af7264c3e44531,8e210b98003eece014e3e650fc111c72,negative,wrong_or_missing_item,medium,Received only one of two ordered items.,ollama
819e1115d3a63559e7a0f44eaf73bd5e,18fda8c87fb70dfe4ab751acd63e39ff,negative,seller_service,medium,"Partial delivery, no communication from seller.",ollama
7be6cfe93fd2e36cedfcfdd616367c34,87f841bad6e9f1d515f158ac10204c3e,positive,seller_service,low,Excellent service.,ollama
fbdeefcd8d4c38df21f6c384f45a208b,10b64ed7e88bc66762c2637eb63e05b5,negative,damaged_or_defective,high,Product overheating after short use.,ollama
8317610692c596255220504527bc75c3,6791e565e137a3933b0f7ba7fba46cf2,positive,quality_not_as_described,low,"Satisfied with product quality, recommend purchase.",ollama
8d08134c86a7400371f5c4e473a97c0e,feeb572a755207d889d166ca90221c84,neutral,other,low,"Wish for better packaging, otherwise good product.",ollama
3ff91af508ecdaac48dc42be8de10fad,62bd1bdb09eaee292d99c84bb06ad4af,negative,not_received,high,Product has not arrived yet.,ollama
37a3b973a3702d2f4c9da0644c938152,76b38fc94d93c9aa8d4f335f8ba87128,positive,praise,low,"Great product, love it",ollama
1c2a9e25072bf728b298b7ddc6e6d7f1,686000ebfaca7883583f123c458a89b7,neutral,not_received,medium,Still haven't received my product,ollama
53ea3a9778617e5b88be05eb4e52367c,3c108bf0b4c9a78ebb9a049d90a9ceaf,negative,wrong_or_missing_item,medium,Wrong flavor received,ollama
c12baa193da28a423d7d632f229d7177,5e38951c465ac4f3d14da15694710a74,positive,other,low,Very fast delivery,ollama
e6723a5d74cb555a7c10c02280722e88,e22a05fe5e9468a3bc9527967feeb3c9,negative,not_received,high,"Not delivered to home, had to pick up",ollama
1a2943fb78d47cade09b26afe022a64f,a83caeb2e8820ea81aed1583aaecc19f,positive,seller_service,low,"Well attended, on time delivery",ollama
825e66f9d6c64865f6ed8f10608ab74e,690a163db7b76c6d6a2b166293f0c87f,neutral,other,low,High shipping cost for two beds,ollama
ab39647885d24f383abdba0ce01b8062,dbf850ec9efcd2382a33671c011d79ac,positive,praise,low,Recommended store,ollama
148a29e2b4fe4895f482a99164c16fac,57e2143bf55c040c9f0c9b8e41b6a545,positive,quality_not_as_described,low,"Satisfied with product, good quality, on time delivery",ollama
fbcee1d4fc5e986310fed426950258d6,2703773aea9533b606eed4f16f883e2e,negative,not_received,high,"Product not delivered, already ordered before",ollama
abea776e9318ae035b3ae794fabd882a,c150d0cdd6a3320d8b475792bc422069,positive,praise,low,Liked it! Thank you!,ollama
c91fc943fb3f71d0cb96c1ca367e63f5,be18a0f2c441f267ba796a97930c98c8,positive,quality_not_as_described,low,Great product and fast delivery.,ollama
c1305af1e3b01ca279b3cbfd90c6b428,a2ddc3a9833596493103ec4890b9871c,negative,wrong_or_missing_item,high,"Wrong item, misleading description.",ollama
7d328e5f4c412177a817676731631e8e,aa7c3f20fab2d3cb0f76ab5165e47618,negative,late_delivery,medium,Delivery not received by promised date.,ollama
ba3182e6063573b55e8570ef29fd806f,ccd9ab6d617068dfcefbe49e1322c878,negative,damaged_or_defective,high,"Damaged product, eye defect, request for return.",ollama
10ed043a9d893d57d470ad0eb208b67e,97400d97515bc5f8457c78d57a53ee5c,positive,praise,low,Recommend,ollama
672e177407cc9aa17364d646c3f66c05,7f33b2f7072ae341ce1f0f20a6d9e9ab,negative,seller_service,high,No response to request for return.,ollama
5b1825dbdba593f3564af385847733ac,29e364dfcbd17d9ebd50456ac1cdd335,positive,quality_not_as_described,low,"Beautiful curtain, great quality.",ollama
d5d56810d52dbdac5638ac49bb03934c,afde4304cb6e11145784b6ea2126bb33,negative,wrong_or_missing_item,high,"Did not receive ordered item, wrong item sent.",ollama
158421a0baf9e418ca0b5df27fe26c31,ff20ee702706d9e407a34de9fe2ff768,positive,late_delivery,low,Super fast delivery.,ollama
e0d559bfc4187db9618486277b85dd84,029b1d3a355dec12cfed60927f076a9d,positive,other,low,"Products delivered as expected, just in bigger boxes.",ollama
1e32011d928bf05724a5ab2036babf87,81b6015857004cedcfbc04ae95d7bfe5,neutral,late_delivery,medium,Still waiting for delivery,ollama
b83622b6a6bfe29c3bf1567272896213,0d82bda1c67bfa6b3926bcbeb8177932,positive,seller_service,low,Good service,ollama
f73853bb3922dae16e875b42f50359c3,28d2a5cfa6ad3fed5f73c66dca690d22,neutral,damaged_or_defective,low,Package open but product in perfect condition,ollama
5878e1f535f15f74f5bb3a81dacedb64,c91ab67852b71357615925883e88cb8f,negative,wrong_or_missing_item,high,"Wrong color received, product returned and thrown away",ollama
e587cf1954fc358343a8c510c8694269,5d36e8ca3ccd1262b7641467fdba0b8e,positive,praise,low,"Thank you, punctual and responsible store",ollama
348f34416eac579e847a3bd3eb44f023,af1f8e604dd6e52d35dd93dd7c2b46da,negative,wrong_or_missing_item,high,Only received one of two ordered books,ollama
426857d89b88b9c9e38bb7bc53b96e0c,6846e1d90448721938d666c3a9e66bdd,positive,late_delivery,low,Delivery arrived earlier than expected,ollama
a9761241fbd237f5b8cf0dda8c93658e,4ef546f6f1165d23cd5134e9c5ab83d7,negative,seller_service,high,"Cancelled order, no response, no refund",ollama
8b1fe05caabb094df439f70bc48309d1,b048658d074ad2c4863ea7021ddfe990,negative,damaged_or_defective,high,"Bandeja unstable, poorly packaged, missing parts",ollama
4963713438980152fd2e22c08232c019,e384d0296a755e6bdb36620e29841159,neutral,late_delivery,medium,Delivery took longer than expected.,ollama
fa5ddb0f297e8b3576a6085e2ad1a911,3246fdc7c13d566c0081c78d49ab6515,neutral,not_received,high,Still haven't received the order.,ollama
5802dd44ce7360f9a65d66fdc28c60ac,797b565b282c371004d602d05ae7d3b2,negative,late_delivery,high,Delivery should be improved.,ollama
a797003b524f869e15ae9a010935c4fd,4c5ca9fa9506e544045d6ccfb2ec7b15,positive,praise,low,Great product.,ollama
f3b5089f86bf7ad45f638318c3b12fec,d224ba092ec1cb38bf389f3a5b727054,positive,praise,low,Good quality product.,ollama
4168903f9864812397d0a9847f90e829,b89638c45bf1b7dcf3e47420ac9c9066,negative,wrong_or_missing_item,high,"Wrong product sent, had to return.",ollama
2682dcbfddb2ed461dd3397f58d5924c,8fbf69d27f719cdac15cafeec686eb37,positive,seller_service,low,Excellent delivery before deadline.,ollama
501f20029edb506cb31c6a8f51dcba1f,b887a2e34410f9ca015c231938fc3842,positive,quality_not_as_described,medium,"Satisfied, but colors don't match.",ollama
b8b1e3d3475e57893affe9798daad68d,d743f434cc2921729af830ce00d474b3,negative,quality_not_as_described,medium,"Nice but colors don't match, won't rate high.",ollama
f58204e99d09adee73d61c37d49ffe5e,802d0f108d32ef094401c8cd4e965680,positive,other,low,Everything is fine.,ollama
29885b30477705f1d9c8b140dc36b963,1d4744e42dc6d786bbc9512601f7e49c,negative,quality_not_as_described,low,Did not match expectations,ollama
370aee3f0da25921906d1c643416c565,7870e4898f865975acb43fb1c282f4d3,positive,praise,low,"Delivered early, very grateful",ollama
3026fee0918ea1f17c3a24e988e4af8c,6d47b47d25de405d24f3f4c9378e09e1,negative,not_received,high,"Product never arrived, seeking refund",ollama
780bd255c95af7fae2a95a8a1e652ba0,305117a349bea514f1b57f0d17aa7055,neutral,quality_not_as_described,low,"Hard plastic, unsure about quality",ollama
aeb0ebdd1d76a6ad17ebd2886820afc1,177777137ce0af9e9cd2cff572728cca,negative,wrong_or_missing_item,medium,Missing perfume bottle,ollama
c979012c42203970f6604e4c4e2f3694,5caa25c9728cc479d73358c3cd899f08,negative,late_delivery,high,"Products not delivered, no trust",ollama
36b05c6956065970acba499e34ff3592,bfd78b312cc39789d717553c3e611abf,negative,quality_not_as_described,low,Poor product quality,ollama
5abda8bb637e0604cc54fa9fa6561bd2,06f0522e3c0dd8f8ea7a738176844f04,neutral,other,low,Everything okay,ollama
7ad1876b54f1dca63ab3d97a6bd12935,9ddf6157726c9d957999c8316a03a9ff,positive,seller_service,low,Satisfied with purchase and delivery,ollama
9794aed9033411e7fea48879d40b58d9,7085a588f3bd2d50f30fa90ef4265f3c,positive,praise,low,"Liked the site, recommend on time delivery",ollama
625a7cffd11d2c81dbf23c8c0b5425de,9520c99fe31b7946785fe4f7c693aa86,positive,quality_not_as_described,low,"Liked the product, quality as expected.",ollama
9e6c2d731d510bf52c69c3c8e0332707,186748dbc47f9d6cf119fe3ce8be3ea7,neutral,late_delivery,medium,"Delivered 25 days late, despite promised earlier.",ollama
ae5b532d47f6a74f09c8c7ff6e205409,834b943d0967a4138b4d2b3874c6037f,neutral,quality_not_as_described,low,"Cover gets too hot, could be cotton.",ollama
cfde3bdd3de5197dcc7b47187b0400e3,03ba7e127b7a5243620b6c62c740d722,negative,wrong_or_missing_item,high,Only received one of two items.,ollama
a04860441d4b529fdc081ae332d67c99,dac5a3700ef52670797c5f68b64baa8f,neutral,seller_service,low,Had to pick up item from post office.,ollama
889a749fd6a0f84073b53da01122fe3a,5981ae276b32c4b5d69ed39efd08d0a8,negative,late_delivery,high,"Delivery delayed, cannot rate product.",ollama
32d179a6f2b3c495f62dfde07792f3d3,4c5d1f62e7eaa8c0f05fbe1b048ee690,negative,wrong_or_missing_item,high,Only one of two items arrived.,ollama
10ef39c7fc71a6d2529e5fb4f3d7e0ac,6ffe7cebfe521de0435648b47a87083c,positive,quality_not_as_described,low,Product arrived on time and in perfect condition.,ollama
c464333fdb2c6b1fc56ab9a4133b64e9,f4253eb9f34c40695de3f9f8e59d2875,neutral,praise,low,"Good seller, will recommend to friends.",ollama
9857b937824e9a4d9cfcc6e39bd661bb,32dd7913bfe4d7f0647e7d5a5e711f2d,negative,quality_not_as_described,low,"Item not as described, only one of two received.",ollama
5dafcf0ab9b7e0e465e1a9607ac90e55,195ff45c167e808ee4f7ef32d7d8c984,neutral,late_delivery,low,"Delivery confusion, but resolved",ollama
e523df06f913d5b93cec3c7d3d5bc469,fbf16cb7728cac175e1222c7d73734c6,positive,quality_not_as_described,low,Product as described,ollama
ba522a6a9983d09b38a5358c4d8ef3d6,8c6541ccd245c735762e6dfbeeeef23e,negative,wrong_or_missing_item,medium,"Wrong product, missing manual",ollama
b5ace2ba1add0cc2c895aea1c09815cb,6cfe6353d8643785eeccb1f3378ba401,negative,wrong_or_missing_item,high,Received wrong product,ollama
3ada324ba54c6fb1dafa711225f86440,73f48f63d3e4f1a7e909c2261194aad2,positive,praise,low,"Quick delivery, excellent product",ollama
6f4f1cf452ebca3b2ee4a22d0fa58773,074d6aba62abd52ad27529d3fb746260,negative,damaged_or_defective,low,"Damaged box, hard to store",ollama
46e6540f3a83d7ab21fca968e88b7d40,71b2f7e12c3ef6574e1deaddbef86465,negative,wrong_or_missing_item,high,"Wrong product, safety issue",ollama
feea5a5fd41ae3e00c599b3cc0625ff2,afca71553980e9b43f27c3bb7d1c54ea,positive,praise,low,"Great nail polish, highly recommend",ollama
4c7b898f4ce61e4cbdec092de5b162c5,500e2838d85214e92e2c15b2fd5303b7,positive,quality_not_as_described,low,"Liked the product, fast delivery",ollama
44aa3b2df582b0428017f27987995029,7a0ecc0527498cda50b7221629978975,negative,quality_not_as_described,medium,"Wrong color, ordered black, got white",ollama
97d4feff1fd7129bee6cde095b9dac2a,b4039fffc67d7a5a75a3ba881d75e402,positive,praise,low,"Great delivery, always early.",ollama
02a20542954e94cef3eaf482a961e4a1,6f6b6e537442613468ece6f2df061159,negative,wrong_or_missing_item,high,"Missing Wolverine claws, product incomplete.",ollama
cc118557a703b27a0625a1d36523162e,43b496a7732ace398ea4eb3bd520ab22,positive,late_delivery,low,"Good delivery, very fast.",ollama
99e058497356fcff75c988b79c9307ab,5cb7883ae621115f6c404bca4c9e97fa,negative,wrong_or_missing_item,high,"Sent wrong, inferior product.",ollama
5a86eb2cc89faaed64c716ca5fed0b99,5ce15ec3d65174e3ebfd1d12ee096fb6,negative,wrong_or_missing_item,medium,"Received only one item, ordered two.",ollama
5b8ee923a8f8f4ac83d87acf09e04ba2,e0785eb4173f81ac87d13c38100670dd,negative,not_received,low,"3 orders missing, no response.",ollama
df49778735f92f5b45ea5befa11fa91c,7114487751b14b1d7f547fefba1eec75,negative,late_delivery,high,"Product not delivered, stuck in status.",ollama
38477ef6c23d3478a0f012503919803a,285ab9426d6982034523a855f55a885e,negative,not_received,high,Product not received after a month.,ollama
1fbf289e14d62cb89cf47b11d15cace2,99bc429ddaa03f67e02a463a20c2379f,positive,other,low,Very good product.,ollama
e87d60236b3e42212652015527747503,44b4829b58167b697a69c8aa8eb64733,negative,late_delivery,medium,Product not delivered on time.,ollama
f50ab32cdc1fbdf22940b6e09d4aaeef,dfb6faf0797af302d9074ab52d997f68,positive,praise,low,"Received cups early, good deal.",ollama
b900eff862bceda5f1cc56234775a607,6ff68e4d7ba469f258223a389f864f25,positive,praise,low,"Delivered early, loved the product!",ollama
f3da8c6569edb5a6b577fda9fb3afc68,20e4793779b086b53af56a8ea4b94f71,negative,wrong_or_missing_item,medium,"Received 2 units, bought 3 units.",ollama
a0101d548afe46665bf1dc062685b6a8,f1631176a5776079ef8293f9c66f1a90,positive,praise,low,"Loved the curtain, very pretty.",ollama
9b5d1251f722a4e716e1ea46cd0d0257,3cc3880ee6731dbeea8ec3d2d9f5b24a,neutral,praise,low,Recommended.,ollama
0dc9b98a821878ee11b21f1f8a827f45,9c6bf0283fbe1d66fc195f750aa3b9a3,positive,seller_service,low,Product delivered on time.,ollama
d19077b8280ccd4c16d65f07bd5762ab,e49a75711850aedf4206b050286373a1,negative,seller_service,high,"People complained about seller, I was lucky.",ollama
54bf40006da0d9e4805a547904be77e7,71d27026352e4ce6f225aa02cd8bacc3,positive,praise,low,"Loved the product, very good.",ollama
728cdeddc42791aafa478371892ea734,db7f48023b3aaa3002217d55bf03ee3c,negative,damaged_or_defective,high,"Product arrived broken, want money back.",ollama
08a3a37dbb07ac61b2d0815e55c1db97,63a529c7538a58649327440872ef8b2d,positive,late_delivery,low,"Received early, in perfect condition, top score.",ollama
a95e4ad1db6022cae41addabe410ad2f,f636244e2204ad1803e13b363792d655,negative,not_received,high,Did not receive the product.,ollama
97f4a7fb2ec66ba3defb97cda4b4b9be,20c75d31d2151bf4e0b8b398e64fb163,positive,praise,low,"Recommended, delivered fast.",ollama
47e69a9c02dc8daed746adf614b3f821,baa821bd1dbd5c6d31c9b1c68f760b8b,neutral,other,low,Everything as expected.,ollama
a57234928196a67db08f6a41adbb26fe,5ddea4bc0239f874cd7d6fd398d6045a,neutral,late_delivery,low,Delivered on time.,ollama
196a1f88189870cf5a11ffbf9711832d,01b703d8365608f2b01ed9c076d0b3dc,positive,quality_not_as_described,low,"Good quality, well packed.",ollama
7258a6e8988c55f8401064332019b7ec,d9a40c62c40151c4710705c2b92b4a50,positive,praise,low,Great to buy from Lannister.,ollama
407cb41006169524572acbd79a60033d,b554cbcda7eaaecf46c018800f755e2b,neutral,other,low,No opinion.,ollama
40c306bf6f6b0913b07a41254ccd4131,537be38441cb6b55c59979427abe99ef,positive,praise,low,Love to buy from this site.,ollama
24193764e108dcb3e8a3ef51d152df76,5968eb552ac0dfa3a19e11d2190503d3,positive,quality_not_as_described,low,Very good.,ollama
b4b5ada90c525bf54d28d2133f868b07,a024d7476a847e0453984eecb8be6076,neutral,other,low,Everything okay.,ollama
8c05ccf0a2923770d631bfa53550b5e7,e8ba75632d34b2349d68fd8e37bcf6a4,negative,quality_not_as_described,low,"Towels not good, much inferior",ollama
ca46d0e3d722082f9d8cece5b150e829,43ee68cd19f18fcf7dfc4ea167554e40,positive,praise,low,"Well-packed product, everything correct",ollama
f6f735cc95f212c4a0ddfc72731ef411,41e096922c4b995c0f51f50efcdb80c0,positive,praise,low,Recommend,ollama
15b385bf09349b53659ac597769a56c3,938e650cbf8099b9464bdfb48c457129,positive,seller_service,low,"Very good, delivery before agreed time",ollama
b912ddb5eb803af6bd3f0ed33210ba8a,ba39bd17a7fd2e7a495e6435781434ff,positive,praise,low,"Very good, cleans well",ollama
a08ce1f8b3ee0a422c230c71d3d3c9f0,607058c64490de01be8019dfa31a25a2,positive,praise,low,"Note 10, everything perfect",ollama
6468119e035b03b44f6da641ea061fc1,62dd6d76b74a442b158f50d6c18bd7fa,neutral,late_delivery,low,Delivered on time,ollama
dcac482ea973847c12e5d7a38b339940,adcc8462c02143ed9914cc08bf3d6136,positive,praise,low,"Excellent products, delivered on time. Recommend",ollama
9da613c4e10c8c41fce3a808c1e24ac0,4d890e83adf9bc9532d53b2227e92c7b,negative,damaged_or_defective,medium,Product arrived damaged. Will see how the store handles it now,ollama
cfa4cca4961deea72f43f58c6035ffef,d7ae3c10c3a4c7a721e64ba401ee745b,negative,wrong_or_missing_item,high,"Received only the control, the bucket of parts was not delivered",ollama
bdc71f89cd110d69705b3ffb5973f9ac,c0937aec7cd0f2ff17c2586520713fd7,neutral,not_received,high,"Order not received, waiting for delivery.",ollama
f6fca8689e8d3a758dce6f2a5f08db96,5543f968d44e1a22c64d1caf5eef5186,positive,other,low,Received on time...,ollama
8df6a986a10ca8b60e4680564623d975,2cedb157302d27f18d5648e77f92d56d,positive,praise,low,Perfect... delivery before expected.,ollama
24b2da647f91fbedccd5a733434c8504,4b06a335eb20f25b8c5ba42e29355b6a,neutral,other,low,Received but not tested yet.,ollama
b44953e36b6726c1b4e7b6065a0b4900,a4009dfb92fd1a68c1c19af9f93b4561,positive,other,low,No issues.,ollama
33105db9509c02df1f95c0b3e820da9b,c7e54cda763ff9e557ac3bc3032a99c6,positive,praise,low,Very reliable.,ollama
28cfb15fb82d073249fb59491c925ed1,e43d4fe81a0a7828e55dc60e33ce7921,negative,seller_service,high,"Seller not answering, mad at customer service.",ollama
43cfbc8dff46568ac01d85d0411db6e3,2353193a857232c5eb9a7604fc505089,neutral,other,low,Waiting for product to arrive.,ollama
7e6d3dbd2ed75e32f68bfe620cd8a49d,9fd83cacce47c1aec0484e704c87ccf1,negative,seller_service,high,"Return request not resolved, considering legal action.",ollama
34c90451496537cf04f5f6cb7c1f9335,f9b79ac2c05f12bab607bfe35b4a2ad2,negative,damaged_or_defective,medium,"Product came sealed, could have been damaged.",ollama
53ff09b578dd8152f3a042ba9ee9e9fc,750dc44e764b343329a0064fe26ec58b,neutral,quality_not_as_described,medium,"Sterilizer good, but not compatible with other brands",ollama
ad44154536b6ada339db4dd4e7ff7d70,6a572211b95b6cd2453951ff6aca653b,positive,praise,low,Excellent product!,ollama
8b750168280764241de9d2d3d2e896eb,8b1a244fd71d5bc234197998cd5bc59a,negative,not_received,high,"Product never delivered, forced to collect",ollama
dbab814b566f82dab9fb89ae6b5001ac,a2f9ff7df829bc4345e5cf8b5bab2e85,positive,praise,low,Great product,ollama
50aa237f326fc0e9e704479a5156d7d0,10b063d9a52993cc25ea7fe15c9334de,neutral,other,low,"Product as described, no issues",ollama
6b2f9921f59f4fb74dcfe5c927311840,33209e0f87b2ed543a0876812c9c5c40,negative,seller_service,medium,"Recent purchases disappointing, usually no issues",ollama
f54cd12e380cf5ac38f2a46feaf2d34d,0896d006da3ad8dc1b39b408ea428eb0,negative,damaged_or_defective,high,Product arrived defective,ollama
5e3e075140fda912002fa16a43e886a9,6407b85bd242ce58598e1ddeaad6fd37,positive,praise,low,Beautiful and good quality product,ollama
7932aea471c08792aec0fed064004b1a,cb5ece4890234f69f2371e3179e42f73,neutral,wrong_or_missing_item,medium,"Returned product, wrong item",ollama
76b7f392d84986f8c04c229fa4783d5e,ce5ac3d77cca9ee37ace392eb33cee3f,positive,other,low,"Good price, fast delivery",ollama
0d3d00c8aa1297e13757d182ea813f2d,99902f632e0a578e6995f6291e0e6cb8,positive,praise,low,"Tramontina product, good quality, safe",ollama
ed163f379df9857bc6c3b5032be3745b,a6194f2c90f8905dcf4e5fe2b8c5358b,negative,quality_not_as_described,high,"Product very different, fragile",ollama
fc6565e19ad8a579b8d2a571aae6521f,4ebda53ca2099f67effa601eabefe5db,positive,seller_service,low,"Well treated, product delivered on time",ollama
4f0bc385328fb1385d28813eafe53be2,b13161e10d5782a69eb14fb3a064c711,neutral,wrong_or_missing_item,medium,"Key came without pressure, but original",ollama
a4f24679217986c28eeb60b44e50e2ef,a5a9ab54271581abdd06955ba59d7684,neutral,late_delivery,medium,"Fast delivery, but problems with security",ollama
5d7e1a2c8214b1a009301fe6e98fb1a8,c07db2ecf8530bd60659764d866467cf,positive,praise,low,Excellent product,ollama
2b52bb84c9aa716e2216ebde5eb80aa7,d9877e15acab7084c36ddb2cdc47cbc5,negative,not_received,high,"Not received, treated poorly",ollama
987c88f7a9f2f70556b955766b2dbcf5,0b8558ffb8ef05e5abef8d7bf4a95884,negative,not_received,high,"Did not receive product, no contact",ollama
ec7839e9d8415f5dfa74cbd3dd00132e,63c5f492ab4ee6c249acbb4cff61ae3f,negative,damaged_or_defective,high,"Product arrived damaged, unstable",ollama
6dcb2e81f01add17653841844c75dc4f,79632fd4663d3f0ff7dee9ac7a31a43a,negative,wrong_or_missing_item,high,"Ordered 2, received 1, no refund",ollama
0ede279aeb20965369a73758869c5399,1c958182f10d6fcbac7728c8d3a151f1,positive,praise,low,Beautiful as shown in photo,ollama
2b3ac6f262cb5272c7e841725814d435,2b52dbab41840708a214e393b22184be,neutral,other,low,Trusted store,ollama
33a0abe4f6491bc5f16801f20cac1617,02c8da4642d8bb546d022a0701ea1b5a,negative,seller_service,medium,No support for return,ollama
3d775f41a7a418d431903fd8e53b5fda,dd44ffc289cdf93e89ac256b6e478366,negative,damaged_or_defective,high,"No product, waiting for refund",ollama
6bd7685fa37d93f87a915a4b032d4b6d,e13713108caa1e5a2604672467aa9d8a,neutral,late_delivery,medium,Not received yet,ollama
0571f7315dd257217c1f22f3d3c690f4,e9f5a7b6ba6d2c2d62ba0ad5109453f8,neutral,other,low,Had to pick up from post office,ollama
ca79d98533c33a3d9bfb194e87fd0100,0ebc490cadb55779894fe2a498e64439,negative,damaged_or_defective,high,"Product broken, waiting for refund",ollama
9560ee8cbc9ea0e0d91226d89976c1ee,8293af079b19a6349d758b3c16ecd6dc,negative,late_delivery,medium,No delivery notification,ollama
f4d6ba04099f78079c19d942bd9e3a84,fae78da81b7ad4a5389732f61e0264ef,positive,praise,low,Everything as expected,ollama
733c944c2104898f200bf53aa1692f47,500c54b4910a5312b3afc7ab377b1a98,negative,other,low,App not updated for tracking,ollama
5f95d2b1b9a7f12ba0b1b4b6f596117b,11156cbbd16c21d0f876588915098a28,negative,wrong_or_missing_item,high,Received only one of two ordered filament rolls.,ollama
c1060b55683cba1465e60a0aaa883ac9,6633cc9b9695c1fd9c51bd5afca04286,neutral,other,low,Product as expected.,ollama
f165fba4f839ff8915d2bb0758f24c40,d9f4579da734100b00a27235ccf86f4f,negative,wrong_or_missing_item,medium,"Order came incomplete, missing one item.",ollama
1f9abf59f4b7b1ccfcb945f669ffad9a,a0d8479e0bc26a5baa9988711c4320b1,negative,damaged_or_defective,high,Product arrived broken.,ollama
15dca54f532d8d836fa248112d4015c4,3c321c1ff61263804c94431316e7118f,positive,praise,low,Excellent product quality.,ollama
fd7cf3fa89a02cc70bf90f59e0c67506,c2569709e6223a9854bd1eab69c150c2,positive,praise,low,"Perfect delivery, great product.",ollama
951125f16af3913ad1c51688ae6161d6,42e7795ee0acd43f7392b9f31bb39c33,positive,late_delivery,low,"Delivered early, good packaging.",ollama
d2dd62086edcecabec4ddb7b2dff85f1,4a778bf83b14e5f0f74e35bf9dea4a7c,positive,quality_not_as_described,low,"Product as advertised, good quality, early delivery.",ollama
1a4d24087ff95d68a1be066171957c0f,b7dbad6a19140585d000bbc6e1e11168,neutral,seller_service,medium,Hope for better future deliveries.,ollama
f0b07e799729577a68a40fba41e086c0,9b652bd154e0804cb616f5e7c991e3f2,positive,quality_not_as_described,low,"Product as shown, good quality, could be better packed.",ollama
342dbe608e5fdfc33465788c76a39a5b,ffbf2682f6e33c8cbac96e6862a95920,negative,damaged_or_defective,medium,Product color different from description,ollama
13b6d355c14eb8bf65b8a7ab84cd1256,c5b2cdb26dc414bb98b395e8d13afa55,positive,praise,low,Excellent delivery,ollama
f343ab4251768498d9fb89f25fc225e4,7b3f806a3a00dc7b0c3ab0dd548842ee,positive,late_delivery,low,"Product received on time, early",ollama
e7d97d1db79c363bc73e96e2794c1ba5,523f24867a34e6e564dda4898935e05e,negative,wrong_or_missing_item,medium,"Order split, part not delivered",ollama
b0f0a4c370afeada8d9b17a8e9126b9f,924b9944de552a095cc8e4978ac8a518,positive,other,low,"Product received, good site",ollama
2480ae2d2615f70dc842b73405cfb473,a9cdfd538e3a7e3fa7f39bb4197c6a44,neutral,other,high,Awaiting company response,ollama
e093fce4936013f84249e7f2c8af87b1,61f38a1759e511f01330f4e69cfbad42,negative,not_received,high,"Product not delivered, unsatisfied",ollama
3342e6b3b65eee0530f5cc17a8b5e7a4,f2da3bee3196b2b183817fed8967a800,positive,praise,low,"Good delivery, product very good",ollama
d4d45af06797dddc6d9ff1d73ec92b14,3dd511776a28555feea15407b8a6989b,positive,other,low,Meets requirements,ollama
48ec5e1b122291eee51b89664e1cd22a,f54cbc3f957ff9982ed80d289647f592,negative,not_received,high,Did not receive product,ollama
7543611f18cddc7931b8a82385bf0900,c73d5fa01a74c67962173f17716b9630,negative,damaged_or_defective,high,"Late, broken product, no contact",ollama
8ef36616bef00398b6e413c124f436c8,6925682cc441a2514cd15f7f17ece7b2,positive,praise,low,"Beautiful watch, loved it",ollama
06d87054d145c4352c569d42fe1f01d2,1b7efcda93ef629e74df8b1fcd2b1f92,negative,wrong_or_missing_item,medium,Missing item in order,ollama
2e2302a45980152064ce595716ec7dec,7ea04d381a2ba7d7f14be55b878830a5,negative,seller_service,medium,Lack of customer consideration,ollama
73390fd558e2eaeb8c94ada58d846e21,2a873cd8f2f02ea9bf84a5ae74970e20,negative,seller_service,medium,Partner company not as committed,ollama
296dc3ff70114cb24296f418bd9beb8e,0e40a411ec0cb464b5d17a84ff95cc25,negative,damaged_or_defective,medium,"Product stopped working, LED not functioning",ollama
dec0b99187b9165d7d0b805085598c73,9892a9783f6e0c59081ffd81ba011353,positive,praise,low,"Liked the product, good appearance",ollama
7f12b7e4c1e60eeb5f9f694012c4c72b,faf132fb35b3b3b533a67efbd6e7c02d,positive,praise,low,"Good delivery, quick service",ollama
4f538107c1ba3eb5db27404aa7c8d9e3,34de5f7952fbd04a9a1e5d7001b014b5,negative,quality_not_as_described,low,Colors not as advertised,ollama
f62761ec1d0f69e03df713872de00843,eb4d45691dac8a24af06b36b41845e7b,positive,late_delivery,low,"Early delivery, great service",ollama
a03fc631958e55d44301fe8eb246d566,56817b6a13a54aa268c6fb5cb044f84a,positive,praise,low,Excellent product.,ollama
246d915fc75a01ee4bbab935393a632f,aa906fa25e77d1ba6d307e13b461ac48,neutral,wrong_or_missing_item,medium,Wrong printer cartridge sent.,ollama
42b3cd1634f9613559f38187611136d3,1c7fe02ac4c7be50c59afb295cf85b89,negative,wrong_or_missing_item,high,Chair missing backrest.,ollama
7f7262568cd71aa7df0e1e654fc98b6a,b9885c0bcf45df857434c48dccfcd3fc,neutral,other,low,Still don't know about the product.,ollama
d3755d6f9393e9f8848850832fe56068,d973ffbdc6785dd43a4bc006e69ae3e3,positive,quality_not_as_described,low,"Product as advertised, good seller.",ollama
4b2672b2e92ba8e2070cc86df233f6da,69294a1f2dbe29a54c3a9c2421831d14,positive,late_delivery,low,Delivery on time.,ollama
0c8611fbad93a3f3cc2aa1b6e191fa82,fddc48d507d16f1418ec7477274c2e06,positive,seller_service,low,"Good service, fast delivery.",ollama
16b614bbd16546396f233438eec03dda,8ce77357a26f31660e1450dee7900897,negative,quality_not_as_described,high,Non-original product.,ollama
15ff5b774c65ccd02968f3c64d9a26a4,1c437b4d4326d36b71e91dd7a7c2c4f6,negative,wrong_or_missing_item,high,Missing items in delivery.,ollama
15dfe6fc2e0f5a1f4516193706fa6145,1b2b354adeb38c1c308c915faf7d3288,positive,praise,low,Positive e-commerce experience.,ollama
49d7cb7036524859d51e77463e9d4f9c,1aba68837cfafa9cc4bba58efee87d4a,neutral,seller_service,medium,Disappointed with the seller.,ollama
a8d47e604bbe7ab33db14ab2c0284199,5b564ae719f89063362d24f1729d7ca2,positive,other,low,Product delivered on time and everything was fine.,ollama
e4cdb114cc7e3b325c76815e25c9e8a9,493698ce56fc7a2737d5cc7984627879,positive,praise,low,"Beautiful product, exactly as shown, loved it!",ollama
5c1c7909af7258260235af6e716f8379,968daeb20a9a0e6c8433cad2c886756a,positive,other,low,"Fast delivery, very efficient, great job!",ollama
10260e75b1f8987f5950c71f4709fe87,70870c95b39ec198376912f2c1ac8aad,neutral,other,low,"Package well-packed, color as described.",ollama
82a4f5a95ea4c026a70768cecd20d73d,7031b05cc11f30cbe06d8ec8ab1b58b9,positive,other,low,"Great service, wish all sellers did the same.",ollama
df88b1253bc7a8e42dd8720679c9e99f,c05fc3fc944af4da60133785126e8458,positive,praise,low,"Liked it, got a free pen as a gift.",ollama
dc92cf357f5eb4d61b6a95fed53d17e1,c277dea251cfd74bf121060769a7135a,positive,other,low,"Fast delivery, perfect!",ollama
a6181fd23f2f354807ddc989c21d322f,839f89fab4eb89995bd044ad7e366473,negative,damaged_or_defective,high,"Incomplete delivery, poor after-sales service.",ollama
aa3e64afada5b85616b8036d446b2f7c,d6c757b6e40610f380a0b29c11c2fd9f,negative,wrong_or_missing_item,medium,"Two separate shipments for one order, inconvenient.",ollama
6acda355e87dd40003b93d423e9febf0,deb8ce115f74e504ae38e7db9bdd42e6,neutral,late_delivery,low,Delivery took longer but was on time.,ollama
f42017bb0ac785a20d0c07fae1ad0974,2d1532a0e5de7237f34903019cf8f3d3,negative,wrong_or_missing_item,medium,Missing 8 plastic balls in order.,ollama
7039fac69e68383a8c9554527d271c05,472e24b86f260b32d88c77ddc166659c,positive,other,low,Delivery was faster than expected.,ollama
f2d531ec4e87113ddee1d95fba973540,6cd9dc64e9570c2a9555406d8148ec0a,negative,wrong_or_missing_item,medium,"Item delivered, but missing accessory.",ollama
3f63e12de5dacb6ecfe0cc8c31740812,d56ec35ab3257ad373bdbca2a1516715,negative,not_received,high,"Did not receive product, no response from seller.",ollama
264e1ca0916296dfebe8b72dbb5ff5d5,18974292ee839a7a7038699422e6cd39,neutral,other,low,Thank you.,ollama
af1bfd8630c37b2e3828701419673d53,e02d3b3c85978cdf1f69221dadf12d21,positive,praise,low,Excellent product.,ollama
291ed18248a827959078f480288be80d,c55952869834f4b020085963bd0cd2ea,positive,late_delivery,low,Delivery was much earlier than expected.,ollama
f242ce44c6572a94907a446b8fda32c8,714fb133a6730ab81fa1d3c1b2007291,negative,not_received,high,"Product not delivered, need help.",ollama
8ddff1eeceeb3662f4d8faa39d7368cf,b161deecd4d00e692166e541a2bff028,positive,other,low,"Delivered early, recommend.",ollama
09420eb052aa1794c42340597e1af56b,eab03e7736b6f5822bd2bf48812a57ae,positive,praise,low,Mother did a great job with the installation. Loved it!,ollama
8d1d25538cbceed8fa1039fa16ec7601,02a266b82c117c3bffd894e713438484,positive,praise,low,"Very satisfied with the purchase and product, quick delivery.",ollama
7f5fc58b5bb8607c4992d5bf08e91740,7a04a9036cd32390e8f17eaccd2dcef4,neutral,other,low,On time and good quality product.,ollama
bf56c6e2a86c754501763a7b8b1d9666,c7e751031488310638a5952834dadf4d,neutral,other,low,No issues with the Lannister product.,ollama
7109b77365ceb543338956d3e98292a9,131497483f8457541cf92c467b847c39,positive,praise,low,Excellent,ollama
6101ede9a090b17093f9e09f312034dc,6ac15d09391be5079d870678df7a2034,positive,late_delivery,low,Delivery before the scheduled date.,ollama
856767aa35fc9213d279ae80215f08e8,39dafb020b5e77c237041b88569db7b0,negative,damaged_or_defective,high,Hub doesn't work with my Apple CD Player.,ollama
fde2763b3dc45b5b371d7da4e9c62b52,fa3418d42d5f87df0490832ade4cb968,positive,praise,low,Beautiful chandeliers...I recommend.,ollama
14b4ff79a7b16a4f9c8c7595030cc985,5cfb7b2cbf52f4ff3ec4b58f69b02351,positive,praise,low,Recommend,ollama
5ddc4b5b85c8be316d2fdf269e8606ba,4376d8f153985c918a99d7765693594f,positive,quality_not_as_described,low,"Good quality, delivered on time, highly recommend.",ollama
a9d65ad284bb1c477d7473cd06272070,a6c198c8e63125ae81a291223605c872,negative,damaged_or_defective,high,"Product defective, late delivery.",ollama
09a9775a93036073ce60a9b08efacbde,cee1a87ab4ea96b3259a9e2d1f02589b,positive,praise,low,"Good cover, arrived early, liked it.",ollama
9eee85d999e4117f638b908818b356a3,e558bf8bb8fddae947c5ab3a53b8ff64,neutral,late_delivery,medium,"Delivered early, not yet evaluated.",ollama
291af346a29b471154e2fe81e207cb55,3630513f30286ed696e4a2e36c79ae3c,positive,praise,low,"Good quality, arrived early, nice knives.",ollama
c76c658bbc1330d15681c906487f11a4,20e87d0bc3b241dd3b4d34a6446d013e,negative,not_received,high,Did not receive the product.,ollama
6d5ae9d84ec46c2cd737664f7f412645,1f2715f75ad527f2090c7824de573b9a,neutral,late_delivery,medium,"Delivered early, kept in box.",ollama
4aad336003259ae594c9e4ef55a93049,d39e59e93bf34f4b2f6cef3902672a6f,positive,seller_service,low,"Great service, excellent product.",ollama
f8b6529ac46f82584957df26e9d14fba,539da8a3272212f11860bef60a1166b9,positive,praise,low,Great product.,ollama
fb1b67e824e22754d133d809d90f5aa7,66f914f1914a21decb9c8cd76cbca55f,positive,praise,low,"Beautiful device, recommend to everyone.",ollama
b0178c4529312e59fbc45dfe75b04407,4ed3b57567c08a15c71665d759230b6f,negative,quality_not_as_described,high,"Product does not match description, wrong specifications.",ollama
2a214fe1071ca6fa92f3fc39d377f683,16f77b7311d2685235f9c8936da1480f,negative,late_delivery,medium,Long delivery time.,ollama
d81a07bfdcfa27ce8a614c7ed10942e2,14cef40ef56939096a73790b10938a79,positive,praise,low,Recommended the product.,ollama
736e6aee38884935383d2218e97fba6b,dd787ad9c97e5504d6ea0bd294906902,negative,not_received,high,"Product not received, upset for child's party.",ollama
0a112e1af1c42ba809f82f91217088fe,f96ae3b7b3fa4a0b2644a183d6cb620d,positive,quality_not_as_described,low,"Quality product, on time, praised.",ollama
49478943bfa2f9242c0d54d1fc33ddc2,a8d69f3045be9fa0ea3aac3971741980,negative,damaged_or_defective,high,"Defective product, no response.",ollama
dd32720c499355db772a35779ce1e5ef,bd2aac1b602c3145efe09bf634bacd72,positive,quality_not_as_described,low,"Good quality, fair price, on time.",ollama
d5308f48b32d24592840810ab7ebe830,74f6a72d401864d8a0d5b73e2533a3bb,negative,not_received,high,Still haven't received the order.,ollama
e36e401e3e47d442f1b56fd873eaa3c9,966c914d71ae9d1b59d440bcfc72d5cc,positive,quality_not_as_described,low,"Good delivery, on time.",ollama
3458df63b6830e3e30244e48ca388d29,d8383347058bc8ff0edb2af23159641d,positive,seller_service,low,Serious and responsible seller.,ollama
6f4376b10bb93ae95de0eac505716312,e1b6234c322ab01a32771bf57c597043,positive,quality_not_as_described,low,"Excellent product, fast delivery.",ollama
5dbc9b227434b3b9458c332261208718,b138a736fdb315dc4dc8e277caa8ebcb,positive,praise,low,"Great store, good prices, fast delivery, recommend",ollama
b7e81845f669bf4ec63695b72d7c65a3,6c84c7c7fe25c0f6f1cd09e00e70585d,neutral,wrong_or_missing_item,medium,"Only one of two kits arrived, need more info",ollama
89750cb919b3291b107a2db388a540a5,2bf5740adc026c1b84b93c731d86fade,negative,quality_not_as_described,low,"Model incompatible with car, as described",ollama
85cb5835b51abc9e3f0bb85ed4a8340f,c60c1ff560443153d7f50771e5fe9b92,negative,not_received,high,"Product not delivered, no response, 12 days overdue",ollama
a821e1e839ef2d843331d4cc1b9032af,af4c6eae672d9b20d881b0ef961bee65,negative,not_received,high,"Product not delivered, no response, seeking rights",ollama
ad05b9536964813a39d5c78205228a31,6be0accbc7586ba7eb6b9d35bb2023f4,positive,praise,low,"Good, nice, and cheap product",ollama
fa7401e723e87b7eef60d2bf6ec2dc7c,e5d4c985cfb24d8e62045041e4df6087,neutral,late_delivery,medium,Shipped the day before delivery date,ollama
f4c45c40809a44ae0b2ca81d936bf2f4,aea446ff4ed3972ae041cdad9d4bc2c4,positive,other,low,"No issues, everything okay",ollama
70f4753f06be1c0a581148c30505d5e8,995438b4ed84d7fc87366f4b2f5fec9f,negative,seller_service,medium,"Awaiting return procedure, contacted responsible",ollama
6593ecf340e3e2d1534772d99e18b1e8,3a438588c7446ebe249ca2658e5e99bb,negative,wrong_or_missing_item,medium,"Wrong color received, waiting for replacement",ollama
99de5dda8fe3aab4eb01d51176fc9146,4a38976a0eb800c5bd065b4e172b0450,positive,praise,low,"Great purchase, very fast delivery...",ollama
c12f989b3acb00a097db7de4e2e4939c,a611321b36103c43fd31f578c7c6e459,neutral,late_delivery,low,Within the deadline,ollama
609e6cf5eaa6c76fdff7f5172436e180,608d2b1247d371f22cbfa16713c82786,neutral,quality_not_as_described,low,Film a bit small for the screen width,ollama
bebd4163cda80bccc650b0467a42199c,96519c210f6dfe22f8e85cad134443ae,negative,wrong_or_missing_item,high,"Two perfumes but only one, fake and marked",ollama
048f2c1863ecb829fa1743118faa3bc3,0a56861d762ee1f82f5cdc2de2b1f71a,positive,quality_not_as_described,low,"Very fast, excellent quality...",ollama
1bf2b9a92e76901b24965acd9cf95e66,02852b112ad108b3d2b3d4ee198d84a8,negative,late_delivery,high,Very delayed delivery,ollama
a91c4b101a3cbc014f12eb0bb8259c9d,9436cfaa861428f70a41ac0a7e91d752,positive,seller_service,low,"Excellent product, delivered before deadline...",ollama
9ebdbedadaf60ea686bd2f30a0b6058b,6288c084b4b8b9ed59cddc6793eba928,negative,not_received,high,Not received,ollama
c11c3e3525ba1816f2460ac4a8cab6ba,e743287a2def21228e3becf7e66f6fef,neutral,late_delivery,low,Delivered on time despite Correios strike,ollama
684a6e2d66a2bb659841465b0f8ed5db,8371302dbc6d728923e1cb35d318565f,positive,other,low,Worth it,ollama
b373101437627ce7029f814f490b8f5d,4a15babdb3e9f7216ea0fa4ab6b5ba8e,negative,wrong_or_missing_item,medium,Wrong voltage product delivered,ollama
42267fd4c4ed7b31fd5e4b51797ab931,5fd01511f0ac02261addc2116f223d5c,negative,quality_not_as_described,low,Flavor does not match description,ollama
3e4e439daf16da2ceb5bff02676c9305,38f48d4adfebeacd5c07311b4502498f,positive,praise,low,Very good and beautiful product,ollama
913fedd7da4a3c9d181ce4667a189c16,ad50b3e99e09552a58e32f928d4c0ae2,positive,praise,low,"Everything correct, perfect",ollama
de9334df6c19333f2d6cc900914076c5,adf6c7a4c57ba5caa49483326f12cd3f,negative,wrong_or_missing_item,medium,Missing one of two ordered items,ollama
278e87e5e754673e4d5a94954664be00,c5e0f2a9ec5de62d967428daf383b830,neutral,seller_service,low,Minor inconvenience with pickup,ollama
3e606c5228fd98bfdf7744297b4888f4,0cf808a0c021f642770317ad30665b02,positive,quality_not_as_described,low,Curtain quality very good,ollama
f747fa5b07864d7f52962c76a1447034,03227bf7c543bbee4efa38bb6c6763c8,neutral,late_delivery,low,Awaiting product,ollama
745665420924b9163759ddbdb28a7fb2,c52e91d0960446c0624a5a984188ffba,negative,late_delivery,high,"No product received, delivery issue",ollama
9f2cf1a2724a39a89df3720478a25881,484bc55c468ac3e8d5ca1ab45b24ff99,negative,quality_not_as_described,medium,Incorrect fabric information,ollama
d80e530d6b215ee288bc467df2b5baf6,f04479bb4e07ce7b8ac1d2287b528541,negative,quality_not_as_described,low,"Wrong color, description mismatch",ollama
b484374ada09030f793573f6ecf0ea79,1004139d05100b9f27b8eda1b40b516a,positive,praise,low,"Early delivery, well done",ollama
606b6258c1c9d5c091b2857bae6e526a,c0f8ab6b8ca98ae53f4acc203b206e0d,negative,not_received,high,"Not received, marked as shipped",ollama
c4cdabc2e26a18f764143230dd466600,edb81087bda65895772e72d1a5daa686,positive,seller_service,low,Efficient delivery,ollama
c78a76c41634ecedfb372f1283faf073,aeec431748740b82048a6041aaa69c5d,neutral,other,low,All good,ollama
52c97eaa8423be300b20474053645896,068c06f0ea08ab32e127f87aafaa834d,negative,quality_not_as_described,low,"Wrong color, poor quality",ollama
a055208b63d6d19194742d36b6d0b80e,9bdf94af058f959fbc09c3ea1eb32465,negative,wrong_or_missing_item,medium,Missing item in kit,ollama
e5bb8ab7f296fa60732ab58f43f945e6,3216e9aab2494253d39f045d704d1b71,positive,seller_service,low,"Early delivery, recommended",ollama
c1e6227b890539ae485aa19cb08b5583,dad4cbac8f3bc660ef43f4b4d75260c8,positive,praise,low,"Very good, will buy again",ollama
1a1da4b746864a352d4587f18670ef60,ad9aa06b7c1aff45bb25d171973fc761,positive,praise,low,"Excellent, great product",ollama
b7eb4de2caca17201df9716e69e34fe9,ba58944fed9eea8a43f9fc3b2cdca75f,positive,praise,low,Great company,ollama
83b414f5eeaebdaef4eb6ec3987b66ef,867b39e996af1e8e8a013206d83c98a4,negative,not_received,high,Product not delivered,ollama
b15939f622f233af2f1da3b339ae2849,eba5bbb5b555fbe7c156f94220e4df2d,positive,praise,low,"High quality, bold design",ollama
e9c244e3880677b5e427c7970c6928b2,f807d9018684b10d06ca569cdd62c0af,negative,quality_not_as_described,medium,Doubtful original product,ollama
23cc16b7bf970fb3c17b866677b0760c,b5e7a885c4a373e5aef1caffa539d967,positive,late_delivery,low,Delivered early,ollama
563b773dfdbaf329766653ce3199d7e6,ca414766885ef23fbb64dcfffe684699,positive,late_delivery,low,"Delivered early, good material",ollama
24cdd80da82e116e44dd293c222477f8,0a7224dae678203f5b1a0715b55ed4d0,positive,quality_not_as_described,low,Excellent product as described,ollama
6e25aed0cc41aa34f87e0842b28c63dd,18c89078cd21364b7ad7f4d652e0cb84,negative,late_delivery,high,"Late delivery, never happened before",ollama
4e4aff24079545c5d5e3178f3e631f54,ad8b58f4364259dca06cf2e3d65f42ec,positive,praise,low,"Beautiful product, perfect score",ollama
bdf75f58f14d0c99d56adbab87eb3b54,35d67b8fff86c1b281f87c1d454fe49a,positive,praise,low,"Very good, congratulations",ollama
3af2d248acafa14ce28445d62df802c5,0341b60065c49221a27293793f11b117,positive,praise,low,Excellent on time,ollama
025870b7510764ce7ecd2a950d2f2251,a824974b8e61d6186b2850a63ca9461e,positive,praise,low,"Excellent, rate 10",ollama
7e2298544ace00f93a95346ba6a242e0,cf734e2b8185ef2de852ed26103b43b2,negative,not_received,high,No gueixa received,ollama
59e15e5561115b91572e33e90dd77e78,fcc8173153ab317f1827da42e62661f6,positive,praise,low,Excellent candles,ollama
c0265861e99c15db943db6d3910ac9fe,318fcffc93b531c0230bb8c1ebd018c4,positive,praise,low,Very good,ollama
0f88222da4ffd798f4ef227c4b880742,b813092d64bf6be705b1f343068429fb,positive,seller_service,low,"Good service, early delivery",ollama
6bcec201f01e14dac82b5dde47209a53,0132d77609dd6e1867515ec57d898c10,positive,praise,low,Recommend this store,ollama
df1242e00f343e9d3feeb83304a31c78,5668f469a5a3e3d85c62791fddbb701f,positive,quality_not_as_described,medium,"Good quality, timely delivery",ollama
c7d50e6d80c20de4132af3bc8618fb6f,309f3a08287b7191569a15914e64c3d2,negative,wrong_or_missing_item,high,Wrong product received,ollama
e1fa673d9d107581b2c91fe92cf552e6,cc9d74eca99800ac6ddfffb42f0d3cc6,negative,seller_service,high,"Delivery issues, extra cost",ollama
736dceb52710b5ac3da55c9b3ad6150a,f8f39c04af57100b2067941cddcb9376,negative,not_received,high,"Order not received, no updates",ollama
dddb68aaabb31e35dccdb97a759049af,617e05cdbdab37c1b316a6305d76b3b8,positive,praise,low,"Delivery before expected, keep it up",ollama
f65f7a67bf2d5c4781ea32bdf31de71c,7916fec582cddf20c22b688451f880f8,neutral,other,low,All good,ollama
7316fc4002647b36dd5612760682316c,b6d6730512437da0a234e99ea7885212,negative,seller_service,medium,Bad store,ollama
b61c30877175a071ebbe8b81690ea877,767b2efce04a94d04de4e4e79ce6acbc,positive,quality_not_as_described,low,Product arrived as expected,ollama
022358de0f1667aaaae4ff8e0e5eb07c,2ddcc2305498e7f001b65b9c28b48072,positive,quality_not_as_described,low,"Product arrived early, liked it",ollama
64fab7db6daf81036f90c150ae8554da,475222e589bbaeac43093fcf2c855301,positive,quality_not_as_described,low,Liked the material and price,ollama
6d56a5d9e298c8052d4d2a877596e3fd,2591658abd3b77d980fb1d82584badc3,negative,not_received,high,Colcha never arrived,ollama
56022ba2bb1de3e9b9fd8794b7e34553,caeaea502e2e79a553edccabb2b65378,positive,quality_not_as_described,low,"Good quality, as described",ollama
a82f7ae50e8209cd4bc24f145b503175,44ac5be3803a136ad51df67f789a2dab,positive,quality_not_as_described,low,On time and correct,ollama
4355af3c87faeeb232afdc04687ab96a,08a5453387460507541a8dc95bd67856,neutral,other,low,Safe site,ollama
c4b0f1011e3518a7d08dff6bb292a6dc,294b367987f073eb316ecef17f1078a0,negative,not_received,high,"Did not receive items, asked for refund",ollama
f76acd34e0a95cc4c2ea76c34fd37327,b94de0a4b60ee9f23315de77e1dde986,positive,praise,low,"Recommended, good work, good product",ollama
72b8bea2f21ab307cf15664f8f294b6d,54a51314febd38a9bfb89a9f49006289,positive,seller_service,low,"Always on time, good service",ollama
70d2258489cae12a65d36c8c09fd54c1,b1b6c6679301e883c54342f1610a5360,negative,wrong_or_missing_item,medium,"Wrong color sent, expected white but got black",ollama
3634de40de9085c59f929762e78308ca,16c4802ea5c28830deef826f1f0b6941,negative,wrong_or_missing_item,medium,"Missing item, expected 2m tape but didn't receive",ollama
dbe8862b40d03554bdeda03972cbbe72,f03bbe221b9e5bae09eccab6a0c4120e,neutral,other,low,Received products,ollama
50073c0ac905370780d6fc042908d73c,4b598c1855fb903ebc2697088200a071,positive,other,low,Delivered before deadline,ollama
858226160cc0d0fd05b08548ecc4f02c,c05e92bb9bfed43c6e5b6d3723fbcc2f,negative,seller_service,high,"Product returned, expecting refund",ollama
02595371bb8fca25d1e08b0c68cf2e38,cf099a8029312a7454ff616d5fb6b33a,negative,damaged_or_defective,medium,Parts didn't fit properly,ollama
b923c2ebc0725c3149f26b85b6b1a2df,8b571b2408e46eda138c7d9f1761ba43,positive,quality_not_as_described,low,"Fast delivery, good quality material.",ollama
272bf45f7fd193b7b2060696d315ade2,de63e691acb3231890dcb063f627657b,positive,seller_service,low,"Product arrived early, good service.",ollama
82166b51cc1bae74d892e37e56a7d3bb,97823d6731e59cd6b4f9d3ea113a976e,neutral,quality_not_as_described,low,"Product as shown, good price.",ollama
83f337b7b37838987c5a28fb7b5a79b2,d9b926f382e364900c6af21aeaede034,positive,quality_not_as_described,low,"Product works well, arrived early.",ollama
9683dcee0556fa4c3f149f54783948f4,4aa36d64bbdf0ebd46f1910fc4595373,positive,quality_not_as_described,low,"Excellent quality, highly recommended.",ollama
8383e00dd8ab8e91bbeb4bcf4d0a61fc,286799f6e867edeb5b42441294e8ce90,positive,praise,low,"Love it, fits perfectly.",ollama
44370b68120cfb4e3513e71a387a6328,d9644b981a4d023c5392dd06bfc8cdc0,negative,wrong_or_missing_item,high,"Wrong product sent, did not receive what ordered.",ollama
9023f33e76e33b982438fa420d110dde,ea12bd9ee4b9a167ce287004482769e1,positive,quality_not_as_described,low,"Great quality, early delivery.",ollama
791794735a2f3b5784056eae747e86a5,c2a550cc5f966506b717532441c221e5,negative,not_received,high,Did not receive the product.,ollama
64b42367806757ba34448678dd38920c,a3cbfbf2c6364b1c16f1c0ce8f6fd306,negative,not_received,high,Did not receive the product after 30 days.,ollama
60af977ed998d3901e13f632b5327d82,9439142ac9f68b5cfaa4bbd1e2052ba0,positive,praise,low,Excellent product and delivery,ollama
baa2b6663f02f60be52aa7ab6adfcd3a,9d007ac7c623e7e78d49d44d67152788,negative,quality_not_as_described,low,"Color is off, not fully white as described",ollama
b1bbc00a3e818bfcbd441811055155aa,3b056e92067a43aaa660bc71598dc68e,positive,praise,low,Everything perfect,ollama
741d999b25acde8c889c3cf850063733,0799d89dedaf5ef08f3a90b967cb2ccd,negative,late_delivery,medium,"Delivery late, no response",ollama
9365fc03a71faa839201c53f21c49070,b3f1a526de73a85b4e83ac77cd483a05,negative,late_delivery,high,"Delivery late, no contact response",ollama
0b256afa50114451ebe60ec8e3a24930,7bf06cefeb8101cf8c9cf8971049e931,positive,other,low,Great,ollama
d14b3a7180daca18c3286c0a3c0cbc33,77a87497893cb9fa026c8fb13c35a357,positive,praise,low,Perfect 👍🏻,ollama
0b2aae85b5bb3668e1571c025b4a0161,6f44e08b458a69c51d6c0c460358baf6,positive,other,low,Everything as agreed,ollama
c1416ddaf0a5cb5745e2b7db7b4b7b65,eeb5a5b729f6a175765204cb5c364ee5,positive,seller_service,low,Very efficient delivery,ollama
696b70d5a229574b17ad9499b8c86f1f,f1e2b7376f89e974ba81956b133ef935,positive,praise,low,Rating 1000,ollama
44bbbe4924af1433e01e7e1bfccf3e89,a7c17d3f5f5c9612a2bc81be1aadcdeb,positive,quality_not_as_described,low,Product arrived as described on time.,ollama
358c38ddc46083c289c9228f756cb5b9,ba0f1e99132c6f69e4622597e9853599,negative,not_received,high,"Did not receive the product, waiting for refund.",ollama
86e41b033e436a48bb450bfad68ee172,986506281e1ebe5451e34c1e75a99670,positive,late_delivery,low,Received on time and well packaged.,ollama
b1eeb16a661d22a761743bf373e811d4,d4a72eff3bfdb6ff7667bef4119283e9,positive,quality_not_as_described,low,"Excellent quality, as described.",ollama
802ce6588b4e35e73e7e47fb0a5b538e,58651d692f3fb03a452df6646056b8e3,negative,quality_not_as_described,low,"Poor quality, not as described or shown.",ollama
a0c63ab67e501925657f5260f094fc70,c818ed0d99c7998f73659bd934936177,positive,praise,low,Very good.,ollama
220a3a8d2e0fcb134a50748d33cd8a73,9ab483dc777aa2cf47ea47d10a72c538,neutral,seller_service,medium,"Complained about payment method, seeking response.",ollama
5f81fabdbc69795bfc0eba8eaf4aea6c,2c293bd3c9f41735731112a36cbcaf81,negative,wrong_or_missing_item,low,"Bracelet size mismatch, cannot adjust.",ollama
57ca18bcc163df65294f77b57658537d,c383ab7c64e3ee1503e3574b22e37dab,positive,other,low,Very reliable site.,ollama
5f29b422589038472928f610cdd165df,198c1d42c0154d26aee31c80ffecad44,positive,late_delivery,low,Delivered on time.,ollama
074794e7a525a662598f0825c618ff02,4e88622fff810dd27f43c1663684bcf7,positive,other,low,"Thought all were large, everything arrived correctly.",ollama
8ebf25840d5020efcc3e31f1f8b63653,dece33065768a2ac17723827e6a03c0a,neutral,other,low,Product delivered on time.,ollama
6ce3b9f5029dacc596c193848e228318,8c40ac9725c892399870b555b8d45978,negative,not_received,high,Product not delivered.,ollama
b16adb396294d64bd0a725ed2d61970e,816e9ea5a585767bf637afdfb6d536ed,positive,praise,low,"Always buy from Lannister, never had problems.",ollama
b4da3b9037daf7ea39dd8c4a8f675ef0,6854558dc4979ad704ccd9ff6a90e628,negative,not_received,high,"Very dissatisfied, didn't receive product, no way to get it or refund.",ollama
e9b1efcc9dd695b59c0dc9c52906c58f,e57e73a70eae13788da4c7fd3b96ed0b,negative,wrong_or_missing_item,high,"Received only one perfume, missing the other.",ollama
6ecdfacb5c5234423414873eaf50ff69,6cba904e38ee56184c2b77d9dbc79ccb,negative,wrong_or_missing_item,medium,"Received only one bracelet, expected two.",ollama
f3f7dbf0220fe95b4705bd88833fcc17,06d6b5a626ba890f56dae296e1384f75,positive,seller_service,low,"Well packed, good seller.",ollama
7c61cf4990b780ec18f2fcf6ab4c6ff5,ffdc79897a2df4181a299b803765f0cc,positive,praise,low,"Loved the product, great quality! Recommend.",ollama
64f182802413e2c578a5f531dee57139,42fd8129e4153758fd7bed28d50218f4,positive,quality_not_as_described,low,"Product met expectations, good value for money.",ollama
173a988825bf0905edc4b8056a47b831,b210147ed6159ab19baaff71f7e43491,positive,quality_not_as_described,low,"Liked it, thought material would be more durable.",ollama
614deef9464f974ace4ead3f855db93a,561e6fec91c4b5771dad3f613b72c699,neutral,other,low,Could have been centralized from one supplier.,ollama
f7e5c0af71266b7a4074172620a99fcf,2fe782855de414d2c2c51fcdb1437e3c,positive,other,low,"Excellent quality, well packaged, on time.",ollama
da38b0286a19e46c688d22065dae9191,807cabbf50cda6f87625bd1c61a6977c,neutral,late_delivery,medium,"Surprised delivery, unsure during purchase.",ollama
d105ad7a6e2fcc1cd61044d367dca9e3,1c009ae9a7cb56b9ea28f3d93349b8f8,positive,praise,low,Excellent,ollama
196674c23291bddb252984c4f6c6dbc7,ec1692cdaaac26359dd2b8da5e6a409f,positive,other,low,"Fast delivery, great product",ollama
14303ce09673466b69c4354628aa5a84,6f0dfb5b5398b271cc6bbd9ee263530e,positive,quality_not_as_described,low,"Good product, but cap holder is plastic.",ollama
1ef3c3efa9503ef08b4c36b134da0a89,d087c8f0e290d4fcac125fa8bc527cae,positive,praise,low,Perfect,ollama
9d518864c77b6e0eccf8b0abfecae540,67d0c933fefa1c4ff65e800b8c8bf804,negative,wrong_or_missing_item,high,"Only one product delivered, missing another.",ollama
fc63818882f8272fdc38e9c25068b433,9937c97886894167e73d617373b4d91f,negative,wrong_or_missing_item,high,"Missing one product, tracking says delivered but not received",ollama
619254cdc73c450b93162a68d6b72096,45e00abea326ffad82887cb48faf12b9,positive,praise,low,"Lannister site is reliable, product as described.",ollama
8bb45fbd1d428e36f2966f9da39e69b7,31effa440b34ae0432d83ef645db463a,positive,seller_service,low,"Good delivery, recommend.",ollama
7d5d5b80f2ac1142c163508f7d148144,23169ab372b70385fcc9668d29aad84a,negative,wrong_or_missing_item,medium,Blackout should have had a top fabric layer.,ollama
e200a27b66131effca1db0d5a1e18c5d,bc0198f5ae1390929c3106becf240aae,positive,praise,low,"Beaded bars are beautiful, quality great.",ollama
b5f630abc7077f12aa1b648a0a0afc91,cac853d40d32850dba1ccff2c9f17269,neutral,not_received,high,Want to receive product.,ollama
cf038d1aae7b6b85f740898eb54124ca,5c8b55fb57c1225d199343bbc1ab6ee0,neutral,seller_service,medium,Waiting for product to evaluate seller.,ollama
3bb53a80ceb931497ff1a01d3a6b0aa1,115faf732ae2a6adbc96dc35069621e5,negative,wrong_or_missing_item,medium,"Expected two items, only one received.",ollama
a4bad7ec09158071b080d5e809490b10,cc3c90e62ab9247ab75856083c0c8c96,positive,quality_not_as_described,low,"Perfect delivery, no issues.",ollama
c0415aaa5961be1afb2ac44b1aba62a9,c7542d0d83ead101b058770578cc04c3,neutral,late_delivery,low,Fast shipping.,ollama
14711a8cf91a872dc43b7f59aca3639a,f099d41ba0914d00926083362cea3299,positive,praise,low,"Beautifully wrapped gift, great service!",ollama
025bfaa5169c1a8835fae8caa95466ca,8bfa83be33530ae82398716e67a2943f,positive,seller_service,low,"Delivered early, thanks.",ollama
cb59e7b19573f3d12b040fe2cbc71960,fd63edd3e877295ad1dbe1d2b76b640c,negative,quality_not_as_described,low,"Low quality fabric, expected more.",ollama
a546f62faeaa79106be9774487f1acb4,42884f644248141406ffa0cedd173c69,positive,praise,low,"Highly recommended, delivered early.",ollama
cc6827a5d93f86dcc77479821e1a4e8b,75a9fc924db699a13c8d6176c3b16a61,negative,damaged_or_defective,high,"Musical toy arrived broken, difficult to contact.",ollama
2fb3b29dfeb69d80249fcefb5af0b278,e531f04ac27aac6bf0cba03986415776,negative,not_received,high,Still haven't received the product.,ollama
42eb7e9046ee17c4b5113d4d04c988fe,4550a99f6056026fc76c5030f0f45fe6,positive,praise,low,"Love the cautery, want it forever.",ollama
fa18ec9c504a7afadd7a76dd576693e4,162cf02f9877cddb71e0bb217b585128,positive,praise,low,"Excellent quality, great value.",ollama
3301fa1df8a3f4c70ea61d5dd8c7c860,5c2bbf0c34b51eec1e79c0d7ef81f86b,positive,praise,low,"Great purchase, excellent quality.",ollama
b0f5e34534c2387051a9ac7a68e21855,9d65f5b3f39a8bab190ca8c315452bf9,positive,praise,low,"Very satisfied, thank you Americanas.",ollama
ebddff16acc3be13f976526ff5a9a998,a8aa1455a58ed250938c0f20158244a8,negative,wrong_or_missing_item,medium,"Received but too small, waiting for return instructions.",ollama
80370dae471790ddfe3bd4c65a832a82,beaaa51d8c9cf4009ff933505cdaf101,positive,seller_service,low,"Always buy here, delivery always right",ollama
0764257edfdd97a3bae2775ed866f4a7,06b709d62777971bc95e6c32886f3ddc,negative,wrong_or_missing_item,medium,"Wrong model received, unsure next steps",ollama
f33cb8302cb3ae240e43c9832a462aa4,0fb5f1722ce814b29e3fb1a5286a7684,negative,damaged_or_defective,high,"Product arrived broken, no response",ollama
726b8cb4695c38b3cfd16702f4597d8c,223a155e5dad113ba43fff75ecbb3d06,neutral,other,low,"Good product, no issues",ollama
5d9da9c39bed7fce4fa2afe5b275bbce,713a29ecd8a35d6ddf7ca20ea13ea61d,positive,praise,low,"Always buy here, recommend",ollama
c8d692d13e49a5ee984aa84d8768221d,ef5c29cd9f6ba37c0363b4d739709b70,negative,not_received,high,"Product not delivered, no resolution",ollama
a16d7831ada4217c64f89225d1fd000e,08f95199562a41bb3a899717810c7af2,negative,quality_not_as_described,medium,"Wrong voltage, received 110V instead of 220V",ollama
c798db3e711955a33ef02be97455dfa6,9cdf9fb8b53e82a2a63e2618f49dc28a,negative,wrong_or_missing_item,high,"Wrong item received, image mismatch",ollama
896ee1c1f9d98b01b64e5e7409f3ea3d,5a9fabac5b438a92c01b25131de9f71c,negative,other,low,Did not like the purchase,ollama
d2a7121ef13bc54b398176cbbc96c5ac,fb532c8404467100e3f75ab03b3faae4,negative,not_received,high,"Only received one of three items, no response",ollama
8800f9e76c02913b8f817590c61ba848,5d8614cc1b5fa0f33976b87215bbdb0c,positive,other,low,Delivered early,ollama
94360d45163896e777df7025c9eff92a,5f170cee48e637e0f925477784ebb879,neutral,wrong_or_missing_item,medium,"Ordered 2, received 1",ollama
c593edde6a6642f89313c4050a94c814,7297f6bfea2a33ef176cff30f467aa41,positive,late_delivery,medium,"Good quality, but delivery took over 30 days",ollama
ccf47082ba114ebd24d1344538b6194b,fd5771079a027230000ab7992a902f0c,negative,seller_service,high,Request full refund,ollama
d5ae8441ed8d821c2bfd435f3f4c9141,b0fcac33c0908170958a5ac0d2f5c60f,neutral,other,low,No content,ollama
2f0bf58651ce07409acca2b2fe96f7c1,a47d207ca025212d0615efa2862fc3e7,positive,seller_service,low,"Great work, everything arrived on time",ollama
a96fda7a3e66e732b44ac2e1b2c4b1a4,49a8c35e52085c0a43f03250d944f2f9,positive,other,low,"Excellent, arrived before deadline",ollama
30cf1279b9434ff3541342b8c4bcb6c5,8c2a179300bd39a4eb4ef85647f8a68d,negative,not_received,high,Product not delivered,ollama
1b525543134443fcac7f8bb3ebab3658,85e5ee2172746dd02b91f6d2f3189f7e,positive,other,low,Great...,ollama
56097c767781640478e1b6b200389a4e,dcbb4f4f03f210340fce92e1f51982a0,negative,wrong_or_missing_item,medium,Wrong product sent,ollama
1f865bc810a025082cf759c7e1e82a1b,cb8bb113b2281d7f3ff7faace4549b97,positive,praise,low,Loved the phone!,ollama
6ead009f982c68ecb8092ceccebad9d6,abd78b3b49820a5123521bb2204af795,negative,wrong_or_missing_item,medium,Only received one of two curtains,ollama
171fbf660f371b6a9ecdb6f7d778d03d,427bdcc4eb03caf53fde12f57a84d443,negative,wrong_or_missing_item,high,Only received one of three requested,ollama
338de978d3eb6af223ad783bb72b58ad,ef3cef230796c0133556a0a8f013f6fe,neutral,late_delivery,low,Delivery on time,ollama
4863b6e6dd930c3b47e6bfb6985f41c5,d6e1f6c47ebf654ee806ef2891e6b740,neutral,quality_not_as_described,low,Product and delivery ok,ollama
41cfa3db118844b74ebd97683544688f,f9a559708e1ca03d80baea5a09b0e29e,positive,praise,low,Very good,ollama
dadb0c6aeb5c718a7ffc32c452013d14,ab1565bce2736095e4b347db4cfc071f,positive,late_delivery,low,Delivery before schedule,ollama
b1d83f9ce9d172b2ef3882b7d6bbcc3d,b73bbac6285251dbf2dd01842e0ce0de,negative,not_received,high,Still haven't received the product,ollama
2f0c82cf928fe1b688bd9d682cb9fe71,5705f0ab5240ded54a1da959e74813c3,neutral,other,low,Nothing to declare,ollama
9afc85900a86fb8df3c31721f1869756,94d3ee0bc2a0af9d4fa47a4d63616e8d,positive,praise,low,"Great store, will buy a watch",ollama
ec6b844a00b3801428bc0dee4683f687,6dd018ddbabb3e2395f292cb1f2b3ba8,positive,praise,low,"Exactly as advertised, very good. Recommend.",ollama
8f3d0a9a8a2f00b6363350eaea165c50,f50b9192b9705d537f9593b595da132f,neutral,seller_service,high,No information about delivery delay.,ollama
fa493ead9b093fb0fa6f7d4905b0ef3b,02e0b68852217f5715fb9cc885829454,positive,other,low,"Liked, delivered quickly.",ollama
61f417491a5ba5eb62ce4023fc15a1bf,d90e182426063c49d95c94e3aed7356a,negative,wrong_or_missing_item,medium,Missing a piece.,ollama
520c226fde65236d88a0a7acb4a61ffb,9c0aeb926cb821f2644b956856d2d3b0,positive,praise,low,"Loved, very fast delivery, very grateful.",ollama
e3354be01bc2c6a76944c956aa0e5e70,25e08e5a23ab24f86595aadbe50bc739,negative,quality_not_as_described,medium,"Quality different from photos, a bit disappointed.",ollama
0132e8c41fd4825325e464dd25543aff,42f588ddba9adc3d28e2f48face444fc,neutral,other,low,Still evaluating usefulness.,ollama
5d86e157c6d89362c2a422b797196a14,e2b9380fcb4f1f7e2a7d2d3c77666c7c,positive,quality_not_as_described,low,"Excellent quality, very fast delivery.",ollama
981009b78d18c9dc540bcb86f314d95a,fb3e580f779650bcf586bbdbec2858f0,neutral,other,low,No complaints.,ollama
80ff76b15a78528ff96ad43525dc8e80,4d4d7ad98b37eef086b111e3db16257d,positive,late_delivery,low,"Very fast delivery, excellent.",ollama
8076b9618ddb90bee801fe136ffb4390,98b736865640a09748dfa712c907b68d,negative,not_received,high,"Product not delivered, will sue.",ollama
585e6880f8612e5828c761569530854e,9706ebea892b263fa7c4c09c658ff5fb,positive,praise,low,"Product as described, arrived on time, thank you.",ollama
c9d73ed0047779e88023ed7e59efda34,6277bde22948356c8a5aa66e61f4a720,neutral,other,low,"Everything okay, within purchase norms.",ollama
b8cee9378533d4b44a8d3d13c33a713e,01d0f6cd01d79574621a56a1b9e21019,positive,praise,low,"Product arrived early, in good condition, recommend.",ollama
67d2d88f3d65f506ebdcbd25caa0f6e9,89eb4ed6e96d62cb0cbc6efc61f05efb,negative,wrong_or_missing_item,medium,"Received, but sizes are too small.",ollama
7fb985b85b91d0b305fecc3531c9b371,64607b4e862b1084d71a7ee6d8b2622d,negative,wrong_or_missing_item,medium,Missing item in order.,ollama
778054e31299dc29e21bcd02a63e222b,35a85be2e5f884a5672a0971158df8c3,positive,praise,low,"Met expectations, loved it.",ollama
35f2b6f226a96d6dea0e725f9cc02410,65d7e9625cc211f641191203e231ac24,neutral,other,low,"Slightly unsatisfied, had to pick up at post office.",ollama
bcddfa0f7d2e54cfc74bae4f01b84d92,25e8ea4e93396b6fa0d3dd708e76c1bd,neutral,other,low,Approved.,ollama
bc821486743ee04a3ec63fcb917b9e6a,ac9c24587cf6cf6fc0276576b9e95cc6,negative,not_received,high,"Still haven't received, how do I get my money back?",ollama
59e90031b8df3c7edcb08a21a2e56d94,eca757f656dab48a66c9b049ae050b96,positive,other,low,"Product arrived early, as expected.",ollama
93202a9f07d2ce7408b8ad4f812b369b,5b11be6198779a98de48e7ad6ad1c941,positive,praise,low,Recommended based on experience.,ollama
6001220d6f5f58608a92456443a2f13c,e179df200326739d8a8bc2353c2c7699,negative,damaged_or_defective,high,Product not working and wrong item received.,ollama
c6c4823bd73f5e812a1d29f6abd0ebf5,6434ca73491ebf0b471702a2506eb871,negative,not_received,high,"Product not delivered, order not received.",ollama
4aabf00b68027a5c1bb087474be1a9fc,e503810be7ff9fce3bffb662632b4479,negative,not_received,high,"Product not delivered, delivery issues.",ollama
02e5d591a55c27f6b272867ec4c3f92d,d2d8c96cdc3a00c418d2a5539e598add,negative,not_received,high,"Product not delivered, difficult delivery.",ollama
c71468ac79d7dd35d94fdb8082dd14d3,2bca9fb7f37de0ca85a20234cdce1fb1,positive,praise,low,"Super recommended, good quality, on time.",ollama
08684202004f18aad861d4a702f1348b,6ae532533e1496cc176aa74fee5aa9bf,neutral,late_delivery,medium,"Still waiting for delivery, will wait for re-delivery.",ollama
d1188cd378e938074bd89263a0ae0b75,5e5d1342989d05440629e2162fa52d07,negative,quality_not_as_described,medium,"Not resistant, thin cords, poor fixation.",ollama
be742b9ee61f3cff7102c135efa6eb81,6042aab766ef2c352f7b2aae4e1f9290,negative,quality_not_as_described,high,"Product does not match website, wrong item, requesting refund and return.",ollama
11b9eaa867357eaf7c726f464278f51a,dd65743cd08075c5e3ee4f7e717eea88,positive,quality_not_as_described,low,"Product as described, on time.",ollama
3d02f130442ef7e76dff6d39a71e16f3,26a25b8924d3410c6237cef523646975,positive,seller_service,low,"Excellent service, exceeded expectations.",ollama
88799c9ece425f5f40f02678520071d3,03f83b59e7c7355647462745b18119f1,neutral,late_delivery,medium,"Late delivery, product arrived as expected.",ollama
42abc75a6990c0ed3dc495c6de57eda9,9524a52b2633d2f96da98b947c60a4de,positive,praise,low,"Great quality, early delivery, nice smell.",ollama
63593aa97da5e0e27664cd382a30f372,9d664ec86be69d869bb6870294c4fdd8,positive,praise,low,Satisfied with the product.,ollama
48a82d740f73ba519ee5faa66c72bc7f,0081ab2c99dc85945c28926b77dc6960,negative,wrong_or_missing_item,high,"Wrong item delivered, different from order.",ollama
d360152275bd1b51a0dbb80153801ce2,20e0bf03acd50798a06ce8a2d8ff65e5,neutral,late_delivery,medium,Delivered on time.,ollama
7f6e7ad798dc42f28b83b287149c7f3e,1bb86f8d6d2967cbf88b8a487d536e43,positive,praise,low,Product met expectations.,ollama
687a142218c10118894bcdb14711e3f8,6a9dce70e1b41a16991dad71dcd0411c,negative,quality_not_as_described,high,Product does not match image.,ollama
49aa36f2bb5d6aa5f11b936274ccd97e,2f8dd4ef8e90826fb9e28ef7af565cf5,neutral,other,low,Everything okay.,ollama
dabeb17df5611cf61176a0671485181e,78cdbeb2b6df14128f5de0a1d2c70561,neutral,quality_not_as_described,low,Product appearance differed from image,ollama
3f85a26bccdb16e93404977e4458f4f8,dcfe9b5776f30f14bdb7c5505d269c08,positive,praise,low,Quick delivery and liked the product,ollama
48f5a15eb9090137607c46664ceb0220,2db8bb66bd5b7b1777d5b5729843ff03,positive,other,low,"Liked the product, wished for an extra item",ollama
d13d8a1a8ecaa2428a848ab43d79a284,a7489739535fa6a82e5cec2b52902488,neutral,seller_service,low,Complained about delivery company,ollama
03e5a07487c1b49fdc458621476033c9,f481e2c2c039ab1665d048d7e2cf5e00,negative,wrong_or_missing_item,high,Missing items in order,ollama
3a33b2c2b02bd51b03cfe8de14e3acc1,1329f69c4d3811f5a7bc6be850089a0d,positive,praise,low,"Liked the product, early delivery",ollama
1f355ce6b8db9d73fc2d2c2620493a38,14ed10674adcf55aeb8ff2f20c66006e,positive,late_delivery,high,Product arrived 20 days early,ollama
bfbf05184fc47083b15d63d3bcebbbe2,593820c7bb9aa1200abb7e6404b2143a,negative,late_delivery,high,Most delayed delivery in order,ollama
0ad32ff8572b160bd0e4dd671d905be8,c6a9e39db5f61068d017ee903b277478,positive,other,low,"Delivered early, very happy",ollama
647d8053175e712d435045a22ab48e48,6a30ecf6e27a0c6c8373a4ffc57cb353,negative,wrong_or_missing_item,high,Missing items in order,ollama
323e52280b9e6a83326f12a03e91b088,0eb4df6bfdca047c300acf9d25b04391,negative,late_delivery,medium,Product late delivery,ollama
ecd98dc8ba2827efbbbfd45e887948b2,32d31557d141320ba009dfb89facc01e,positive,praise,low,"Good purchase, arrived early",ollama
af52387d887ec644f7caf4302308638a,6ee745e53a6ca0336b04b022ac01ac73,neutral,other,low,Simple curtain,ollama
1c73ba9af40bd212b961d1e548e53261,667e11eca18e4b0a93611781f8b18302,negative,not_received,high,"Not received, very late",ollama
779290111bf6cd10894690549ccff28a,e9376d90b28f9cdea83d4d850e4bb1a7,negative,damaged_or_defective,medium,"Item not delivered, defective",ollama
c69fb19c583022fc5e9f1ce98ace4ef3,4e7ca1c32e075c6efd8bdffeac2be58a,positive,praise,low,"Good purchase, good service",ollama
68dd6c8d5f25b22e4410bed40725b7ee,ae7ef564bd3b4c6b260aae6169c141f7,positive,praise,low,"Good purchase, good service",ollama
970810ddf21aaa149c1e03db0ff969ae,738c536e3bfc3c99dddffed112e89349,positive,praise,low,"Recommend, good price, on time",ollama
35901d3a68015a43d4e89d55d86f4ebb,979c4326cc15330dd0b1e4547e25e81c,neutral,other,low,"Like the store, but no card",ollama
ecc1a410b43636ab247073b2479fc5ca,a74a66237984e5fbc84b4900fb3cd430,positive,quality_not_as_described,low,"Good product, fast delivery",ollama
06a57dad2f28c6697a6c2599ce590a5e,e7fe3e8da4d6c39f4216d00309b965ba,positive,praise,low,"Very good, highly recommend!",ollama
1e20e74a22fe418fb22870283a428405,07d15c4a386205b033ba176848387b08,neutral,late_delivery,medium,"Did not receive product until April 12, 2018",ollama
9dda7e27922bdd7ee4a837d85dde9f7f,36dfc1a57aa696c9c9a2c47aa4799326,positive,praise,low,Very good!,ollama
690a30aa28de38e259f31345badb1107,6deb31531870ed931a10e04108e13c52,positive,praise,low,"Very good, on-time delivery",ollama
2cf52b07f098f959e0bb1bd7f0f86074,866f051f9b5c31d0566324ea81a33e24,positive,seller_service,low,"Excellent, well done, thanks!",ollama
1792b41a34c6e0619c0387e9fa8f80af,773f515d33d86f596ef646f6864670c0,neutral,late_delivery,medium,"Still not delivered, passed the delivery date",ollama
c698edb7cbedb0092b25a19ce581f975,611793bc968aac5d1a9c623d1ab8aea6,neutral,quality_not_as_described,low,"Not as expected, but usable",ollama
34e6eec6fe28d16e7c2bc7518555b831,a7076e7aba13de8b66d95a55811290ed,neutral,other,low,"No comment, hugs",ollama
50e8fafd9347296cc675374e718c93aa,99998ce3d95cbd85b91c471cab8db940,negative,quality_not_as_described,low,"Poor quality, not recommended",ollama
cd9125d39cfcb70ed3967732642e4864,cc80e8ed42d1d4ac3dbe8e800672d01c,negative,wrong_or_missing_item,medium,"Very poor quality, missing parts",ollama
2e6b4bf87df432147106be62e5a425b9,25fcc160aad54c81aad28f9f71cb4cba,negative,quality_not_as_described,low,Product quality did not meet expectations,ollama
838fc26686a64783f3aa7da44227e539,506905ea049bb2c4d984a023b70a3035,positive,praise,low,Product arrived quickly and of good quality,ollama
d4d5f3dcd2130a28d547b0ec78b2a707,64f2e9aa85911b6a48e3d11ef05b73c7,neutral,other,low,"Positive, no specific issue mentioned",ollama
eeee7ebd5dd47f6770d00873fdfbc06b,78b17b8479b96dcbe179a2c64bce00c2,positive,late_delivery,low,Delivery arrived early and correct,ollama
a5b5576b7d993f78af8251412866a90d,b357dd0e3d6572e28d060309c0ab339f,neutral,late_delivery,low,Large delivery time frame,ollama
60240c42a75b8063cd6697712c080df6,3a6c27f9d9f17facdd07d9d8a275dd15,negative,not_received,high,Did not receive the order,ollama
642a4a795ca1e2a3d37ba172008ad823,70bdd8e366d92d7256c453272fbe5251,positive,praise,low,Delivered before the deadline,ollama
f47a5647e4c0e53ccc638ee259740237,0cc893e70885ba7fc151e85141326ef5,positive,praise,low,Very good,ollama
5fc9f495869e7c720942ed8a845c1d3a,e43ed2b08857c6ddca4d7337c055debc,positive,praise,low,Very good,ollama
d30cff2dd0346d5984d3e028df9c64a1,66b7e4ff35d62613a10899d4eb442216,positive,praise,low,"Excellent company, product arrived on time and perfect",ollama
75aa62a61519b3a2645c06809f084afe,8dc26b80bce71bfaf67ee6cccc4a141c,positive,praise,low,Recommended to all.,ollama
95499e20459448a9a2f3849c7d523905,173426e15a3e72e3bc27ec26ebd8b526,positive,praise,low,"Excellent perfume, recommended to all.",ollama
afd481258e2c31447bad6b70bbbf773c,51ea7d0bdf670aca325bb99bb45c1500,negative,late_delivery,high,Product not delivered after promised date.,ollama
93a14603ae1301f4d619609b73b57100,90ee67e34c9289cc136a3677fc118253,neutral,late_delivery,medium,"One product on time, another delayed 1 day.",ollama
f3dd532fdc3a42a4c9b1446f0601469c,8b9fde773dec0dfd4be4beaa1ada46bf,negative,not_received,high,Did not receive the product.,ollama
050f93d13acc38c5dff719bbdaf4fbc1,d02d64a92b368e50d9d1dd6093514a5d,positive,praise,low,"Great product, easy to assemble, highly recommended.",ollama
c4d4c6d09f35a0ddd8e5fafd16114c23,fa9832914e7afeaf41fc9fbda5ca335f,positive,praise,low,Excellent.,ollama
305f7cbe3fcbe1bfd677c375b4134b65,4f39a94d6e474819d898d6df7d394996,neutral,seller_service,medium,"Delivery on time, but location staff unsure about product location.",ollama
d7b8abaaacfd0ef6700507a24f8a1fd9,07a0bc58f3b841724c5b8c649da441d5,positive,other,low,Everything as expected.,ollama
31b057b40dcbc80d4ca438c447914ba0,232ac1c81c6a84fd76f9653b248b5d92,negative,quality_not_as_described,high,"Counterfeit product, no manual or warranty from Orient.",ollama
9f009cf69554f808ce6f451c8035bb27,1d3e89c83af0905d749a8d07aac56855,positive,praise,low,Quick delivery and well-packed.,ollama
586ec0bee6a1613b9f65e49ac31c7976,d6912f804ef9076f6172f0eee4207749,positive,praise,low,Recommended.,ollama
5b2ced9b2ec1ead74ff9ee1857648f49,dca63e525f9401c2d75b39006727511b,negative,not_received,high,"Did not receive the product, waiting for the ladder.",ollama
72c860a7b9ebdef79d9ac4a3a499f1e7,3bd72d0bf4e30e74322d88fe9dd5ac2d,positive,quality_not_as_described,low,"Satisfied, quick delivery.",ollama
18fe9f34aace3c9cfcd34712cead1208,73cb4ac4aba9d15a0db382e16fc9c784,negative,damaged_or_defective,high,"Product with signs of use, stained, marked, and broken.",ollama
4c499bee9a1bfb9521ab581c8d332bb0,2d776245a3529fd575b20e7bdee51fc6,positive,praise,low,"Beautiful product, cats loved it.",ollama
3f90e6fa093057b8c1ed8097ef84102d,6325af88a0611fc357055cb87dcec11e,negative,late_delivery,medium,"Fourth time with delayed delivery, hoping to receive the product.",ollama
317bf146b3bf4ea3d6800eb51bb4ca31,5f46b2bed09a721e0a7196524881ad5f,positive,seller_service,low,"Delivery before the estimated date, highly recommended.",ollama
82567104d561b6b1ee7c9470fd4f1d02,d4f741989d0d75562bfd588ee996fbb7,positive,quality_not_as_described,low,"Very good, quick delivery.",ollama
d59790dd8ea696ed642c3d98724b6748,445b8011d509adb520744d60fed763d1,negative,not_received,high,Did not receive the product,ollama
1870c44bebae7c38220f5e335ffa1446,f20439467653674ebac675290f67e15a,positive,praise,low,Good product.,ollama
2e948224ec4bf8fab2b705e05a81da38,8bf44eb0d19208f9bde92d553a6bf064,negative,seller_service,high,No response for return request.,ollama
6dcb38ea42e5b43671a5d805bd550747,81b1c5ab3c30ee9f67392bbd60dc0f58,positive,praise,low,"Love the product, delivered early.",ollama
7c607c83c4f542c1f15c42193c54c05f,a548567638d3920647c0dc39b8be4daf,positive,praise,low,Excellent product.,ollama
88d2292ffd72489ff6a87ee2301089b4,019d029f0b101343d44017d249b1f64f,neutral,quality_not_as_described,low,Product met expectations.,ollama
a55607825e2db379c4012a4e926aa7a5,90a2585a7f96989dbc875ae664f8a983,negative,wrong_or_missing_item,high,Missing 2 items in order.,ollama
8cff0965039c3325506537c6619c397e,649fbfef8ead059794ca4dff975904d0,negative,wrong_or_missing_item,high,Missing 2 items in order.,ollama
6bdea9d2ed8ccae63b1ee6c8e3d021ad,349af77e71491a1aed28d6bf0528e09b,positive,late_delivery,medium,Delivery earlier than expected.,ollama
7d776b37db0764f81b52aaf1a0bd432e,73d68ef344ebda9bf0c80b7e3ed70e45,negative,late_delivery,medium,Incorrect delivery time expectations.,ollama
fed3cb2cbe1edf6b76ab73d901e1b66a,05be057d337a9ea02bb4111d054a670a,positive,praise,low,Practical and versatile product.,ollama
9e80f21e03186dd286b0bca09ef436bb,a557a0d8ff0129cd241d2bca612b3d6f,positive,praise,low,"Beautiful products, fast delivery. Recommend.",ollama
9ed26cd687203bcbfc1d1bfe16e43ec1,8d35042b6a7e4aae80685a704e6cb71d,positive,praise,low,"Store met expectations, high quality product. Recommend.",ollama
f1f686b4ed7c519ffb79a4dc5c223078,4edad09fd434060fc566a802260c544a,negative,seller_service,medium,Seller sells products without invoice.,ollama
33f3268622473155a791a08f7fbc27e4,bace36fac7a5dc678fe74da327ffb295,neutral,late_delivery,low,Delivery on the edge of the deadline. Not necessary.,ollama
a01ed4d01ffa58fb8629afbc60e0300c,9858ff80b8f867c868a4c476eda9122b,positive,praise,low,"Excellent product and fast delivery, despite high shipping cost.",ollama
27653a377d5279da3480d0b79db976e5,b757c5b68510d1d1390243961552792d,positive,seller_service,low,Liked the delivery efficiency.,ollama
add4ba344a897402bb6d5c3844230c4d,e11c0a03163b8110243cfb64df2b07d4,neutral,late_delivery,low,Product delivered on time.,ollama
163c70c70ba27693a740c39a2153bd5d,737a52582de776db2631a7d53cb29eed,positive,praise,low,I recommend. Satisfied.,ollama
24ec00d28a8ceb90ace9293a13327d9a,07883af69dfb22686ef985505006f9af,positive,praise,low,Great value. Size and quality are excellent.,ollama
190a8dfe8687df26f7d40c7d82537883,aa45e41799067f67755e2e4e41925aa3,positive,late_delivery,low,Excellent product arrived before scheduled date!!!,ollama
5ebc425309236c326d12637bd5dd2f91,9c7e6c08ea3357fbfc31edcc4c1c9375,negative,not_received,high,Did not receive two products from Integralmédica.,ollama
b521c473ecaeb59e163fe391603c7cec,78ed13dc9c5f51a880ae17567451dc74,negative,late_delivery,medium,Complains about slow delivery and bureaucracy.,ollama
eb4284d271049060a05298a28d807087,4a99025f5af0af1eb1b6602980ae4a82,positive,other,low,Patient had better sleep after using the product.,ollama
50159be3324818783d2662534eb31484,3bf7afbf899683dbd726ff8b50d69c76,neutral,other,low,Positive about product but complains about expensive shipping.,ollama
89f0c59032521fe156f09d7dbd859988,8d3a0426fb1b51bacd3297517f48b0ae,negative,not_received,high,Hasn't received the product and can't track it.,ollama
b802258ee88eaf69424c451aa791cae2,72012d986d81cc09a1e838c7a1f829e7,positive,praise,low,Product arrived on time and met expectations.,ollama
451ae8b4c0a674abf5f8881eed187356,e2b92ef79481a683cdb098a9cb6195f4,negative,damaged_or_defective,high,Product arrived damaged and non-functional.,ollama
042cd74de8d76d3ef7b1bfdfd0e92835,7423b4cc85c866b575901e064a27c5e1,positive,praise,low,Excellent watch.,ollama
646d082f181c0a85ca82e8c76619e65a,eaae3cf15cb2de079d33c44d3a8b2dc9,positive,praise,low,"Excellent product, delivered on time, highly recommended.",ollama
a882f6030db4b366d95c6430b5e63d94,59af6639bc574148a47076bb16ff485e,positive,praise,low,"Excellent seller, product arrived on time and well-packed.",ollama
bf57688bdabcbd44087aadfc2af13b06,3668a28064ef9032629644a5a53e0bf9,negative,wrong_or_missing_item,medium,Wrong watch model received,ollama
2e15eae936c1779b28824c7919d62ee4,fd0fb35d5a13ce62b474dfce15334b5f,positive,praise,low,"Product arrived early, in good condition",ollama
65fdf805ab0f482008c713eeae6a065f,0ac320cb8bc861f5745b6406074d960a,negative,damaged_or_defective,medium,"Damaged box, poor presentation",ollama
ba997409a24a5b6a4310dc0aa6f87af5,2c494cef88b908df152b7d6d69c8beba,negative,seller_service,low,Poor service,ollama
7b80612193b12befff31f5d6b75b822c,278eb11fd9e41e960e36e311d4249665,positive,other,low,Product arrived early,ollama
d8c9fb3c4e4b438bbfa4b936eb426a2c,2826054171c4c4aa3eb41b9dfab2388e,positive,other,low,"Product working well, recommend store",ollama
4aa67bfd565a00ce709496c736d33c3e,89c880f756709e7f7825b4ae6fe7a2f9,neutral,other,low,"Random text, unclear",ollama
a992dd82e333f006157661b1b647fe92,9ea386e9542809c5955f1b89354c5e5c,negative,wrong_or_missing_item,high,"Missing item, urgent response needed",ollama
4503b46c0d76b396b43d131bb515f726,c37cb17f3802e061e745a83732cb1503,positive,other,low,Very useful product,ollama
c3997e576be257e28d3914e8d461ced7,c7516640b8d59bcd16994661cfd3aa9b,positive,quality_not_as_described,medium,"Good size, nice but average material",ollama
53f2112036aef84d5e03875e8ce24d2c,172fec73f3614b511c8ae819916ae54a,neutral,late_delivery,medium,"Delivery issues, unsure about product.",ollama
abf58b48dd5af23af4335bf52f9066d5,f3b3c5a3c5223b95a6cffe4f2108375b,positive,praise,low,"Liked the product, recommend it.",ollama
12375dff67226323106771b321d9f64c,02564f320004c61ebf621191f06365a9,positive,praise,low,Very good product.,ollama
396efa0bc10f61dc529b8e87b85bf3be,caac6605538949c162e1301b3280177e,positive,late_delivery,low,"Delivered early, great!",ollama
3395e28d6009c3c18dd879ae600d91bc,1e7666fef7090957578fd3a4b58cf9ba,negative,damaged_or_defective,high,"Defective product, no response.",ollama
0fdc324d7c4b8e1c2776c0afc6f7294d,2ce188fdc7fb58e72c2adeedc6419827,positive,seller_service,low,"Slight delay, but good product.",ollama
667d765a542975d18f4260d8fd1268ef,84568d93e897d1d8db26cb9b9d157700,positive,praise,low,"Recommended, good product.",ollama
7362982c01db4833c2b22ccef6145c5b,d4ecf069cf056cbde7553bbd394cb753,positive,late_delivery,low,Delivered earlier than expected.,ollama
45aeaa28c7262a4504656c3143fd8fac,55c51475b2f1d79d83c0c0c9c6fce9a8,positive,praise,low,"Great product, recommend.",ollama
85fc3b088c79183adbd848a5bc4d0e7c,4a0aef3a36c8f8f2d9500b15400ff513,negative,wrong_or_missing_item,medium,"Missing item in order, waiting for second part.",ollama
8f05d3710721f12321d8ae081e439f84,72e879557ec303f7f0e457cac42648c1,neutral,late_delivery,low,Received notification to pick up item from post office.,ollama
e04a278bd4a3da5e6318ba2575bf1ae2,a11848157003e277da67e7700e1fb630,positive,quality_not_as_described,low,Fast shipping and quick delivery.,ollama
fda600b5a2e7e4572a45658343130e8a,9b7a83861460257909d451bdab55a720,positive,quality_not_as_described,low,Product arrived on time and as expected. Highly recommend.,ollama
c84bef868136eeafcd72f6e1bf5e1a44,ce7be9c906c372368c7786881d6a6842,negative,wrong_or_missing_item,medium,"Only received one item, ordered two.",ollama
f913ac07498df119ae5b632779a9afc6,4abace28e7ad35184649078401530a5c,positive,praise,low,Recommend product! Curtains block the sun well... Very nice quality.,ollama
247e524579147b33a05aff4c499797dd,2a4e23a666338d87ea9c2777d71bed0c,neutral,other,low,"Short, unclear comment.",ollama
784f60a86ba6acd694a679ee35e5ce10,676e40056867189a1b3599f3e646f421,neutral,seller_service,medium,Should have contacted me.,ollama
d31fe8f01470eff5b2a3668c9a328913,323ebc5450e01beac5ad45e926ecf923,positive,praise,low,Recommend product.,ollama
2a00a9592b3b9706489612cbbd889f83,70983de08035fb49df8fcf1afe6458cd,neutral,late_delivery,low,"Received only 2 out of 3 items, waiting for delivery.",ollama
90137a875ffbf4da9ee1470a9d169965,478c9895d19d08bb6ab056f97395671a,positive,late_delivery,low,Delivery before estimated date.,ollama
7dddee441c54a5093ef0327614c0db63,2f2bc2963a401290d92ba5b49f52f98f,positive,quality_not_as_described,low,Delivered on time as expected.,ollama
4b296b8e3ae4ed06c345a40fdb20e447,a5cd6b7de7b48a41dbeb7bbb3fc5813f,neutral,other,low,"Can't comment on quality, no delivery date set.",ollama
e075aaec373688a3b57a68586893729c,8898a51e0e6b578277a7c20d5b31877b,positive,seller_service,low,"Delivery before schedule, excellent service.",ollama
ff9dbaab0afad956022fc6a120de318f,4a01c3bf3597e6cd8030ee3dc7311e14,negative,not_received,high,"Did not receive order, asking for reason.",ollama
6e54aa64352f23a6df7d995f2b59bf79,09aea357bd7fde763e2358cc9e413513,neutral,other,low,Cheap and fast.,ollama
bec5c503b1c72567688df5493016cdf3,05f99bfc5053a88e0955bea396422a81,positive,quality_not_as_described,low,"Nice lid, as expected.",ollama
0fbb309fb9cb62298206bb4908f0785f,de1f7486e03b78ba57d0f814b925ead3,positive,quality_not_as_described,low,"Sensational product, works well.",ollama
af7cb2e0553a0124fa67a62f66acc5a3,af2bf9b846ff40006f0b5b856151f468,positive,other,low,Very good.,ollama
ea241259331cc27882d1bbb38121d8fc,cd4a39bf33083486dd4d1eaa70907ce8,negative,not_received,high,"Did not receive order, can't rate.",ollama
17a386d49c7011b9faab2afff50c32b6,db2557d3b3417e5746ab989f2e143860,negative,quality_not_as_described,low,"Did not like the product, not recommended.",ollama
e45993422fa81ccc599a616b248f1b5c,ca91862f94f3eb805b394ae462b669a6,positive,late_delivery,low,Product delivered early.,ollama
09e543d8be5911076628e46bcf674dfb,b458ffdf7369c1e76ef5ba66155886da,negative,quality_not_as_described,low,Product different from advertised.,ollama
5adbb35d67dd80d4ae764ee127ed0fc1,8f5e238b871f4bf8132d533e4c41d871,negative,seller_service,medium,"Waiting for return, not satisfied.",ollama
09fe1e459ae48d8336ea4e49ead6e0b4,f4b56fe7668e96ac977ad7bb6471bacb,positive,praise,low,"Product on time, original, recommended.",ollama
00c84c916f10728922c6192ad21e498e,4cdbab26daf6a0dd8c5c0eb2acdd0e96,negative,not_received,high,Product not delivered after over a month.,ollama
17239cb0a9a7f69461f9e51a99242e23,34e7cd696a9d01f8a95731b8d4508ef2,positive,late_delivery,low,Product delivered early.,ollama
5989ca6d9c838547ac323f43dc1b90f8,a24eb60f1866ce0cf8d9c0a47f738d96,positive,praise,low,"Great gift, quality as described.",ollama
a5e27d47d42d0a682c21edf33b078107,b61519b912ded530fcb3fcc9103fcff2,positive,late_delivery,low,"Product well packaged, working fine.",ollama
83ea7b2d01237f56195b00271041440a,efc75f1677aeaa527dfe4cda208338c2,negative,late_delivery,medium,Product not delivered on time.,ollama
34b7d20e2918d1e2dda3e7b0ffa91e92,32779f6285849a399d09a038397d8e8d,positive,other,low,Good gift for a child.,ollama
a0bd0b00bb586c6af68067d7b257cfe1,da7843573e4914d76380f7f0a86995a3,positive,praise,low,"Nice carpet, good quality",ollama
300c9383efed65eb15c18ff0e0458128,72b96eeec6f77bbfdc38148e46667c01,negative,not_received,high,"Product not delivered, only invoice received",ollama
fd10e8df6b2601d4545e528ccc67b759,6773a3b9580015122ad311ee0d507468,positive,praise,low,"Satisfied, recommend purchase",ollama
82050dd6a5856305f24edd692643f032,4964b712511de5c351d07b12d57e5cc7,negative,wrong_or_missing_item,medium,Received only part of the order,ollama
ca6c2925cec931b3bf5a0b8898721837,d82b278ce974fb241a84117441013d91,positive,praise,low,Very worth it,ollama
d28f5a8276418e2c329b2909b7d66254,7f3be76847c89f58b912a7adf2d77f3e,positive,praise,low,Excellent,ollama
b223c5ead1875c9d5f4206bce442cf1b,ca8404db0c07ba332b8a7d83693af3a3,positive,praise,low,Product met expectations,ollama
3bc286fe30d0f8c338d715b55ac2deb5,6c4b00d2f2c7cbac0902dd6367da9f97,positive,late_delivery,low,"Received early, will gift",ollama
86b2d291de4ad5e739da3f61c91d45da,44b87ee6f37f915e2a218287d1acf1fa,negative,damaged_or_defective,high,"Products arrived broken, poorly packed",ollama
24e467c8784b125c2822e0f9e6bd877f,c5aea2f23df89cdf58e3c3721456f0b0,negative,not_received,high,Product not delivered,ollama
8b3f71b44c7d2555524b791fe14ba90e,96391307abf5b25e205b1049789cf2ee,positive,praise,low,"Delivered early, very satisfied.",ollama
15c72b68259c35ea984ed16bf7633730,7eebf0a4be5859d04ca7da2ce039c044,positive,quality_not_as_described,low,Good quality product.,ollama
b2d03e4b730e0b8edb648ecd754a0eef,14e3b02a42f36ad7bdcdc8a0df427be3,negative,damaged_or_defective,high,"Damage in packaging, rest 100% OK.",ollama
f11ce2a6624ecde4d87464b5208ea5c0,e0c5a4a058c2160c2ac602072397c807,positive,praise,low,Satisfied with delivery and product quality.,ollama
3b4253a50b5e758ff2eeca64213473d7,153eba378857d7576dc5a338a1d3bbed,positive,seller_service,low,Thank you! Excellent procedure.,ollama
0a5a91b1151bd3f9b96cf36023f91f9c,d80251514bbd83a5bb165f6e5667c6f2,positive,praise,low,Recommend highly.,ollama
20f472588ac255e5e6449841955f9789,dd5831f3eb10afa80b5cea07ae84e87e,negative,damaged_or_defective,high,Terrible! Money wasted! Targaryen store.,ollama
f8c9f59fe34367512fc8ae7e4d48f8f2,1ad9ba29c8a520d8f3a8052fabdbf46e,positive,seller_service,low,"Quickly attended, always buying.",ollama
2b585390c74de3e93b40b0ff53f05689,05646cef8f5791776e224b7967607b4f,positive,quality_not_as_described,low,"Delivered on time, as described.",ollama
99d404334e39f97364ab03aca2d1246c,f9a14504eda279e33148ab16f0b231e8,neutral,other,low,"Pity only one unit, including shipping expensive.",ollama
7f6e2e0c6fe79e876261b2fa3d4a51bd,264af1175f2425bc604b8547920207a2,negative,quality_not_as_described,medium,"Watch box size not as described, customer unsatisfied",ollama
8873956053907bb59971c559b7da63bd,ab6ccded40dba2056dfa826368b5adf3,negative,wrong_or_missing_item,high,"Product sent wrong, customer needs refund",ollama
404488797354c3e26d5d38cab69f08d0,375e959b0c2a17fef2be1bdaa03fa1b6,positive,late_delivery,low,Delivered before expected date,ollama
6bf86fb84f6df2ed3f39e8aca4b8a92e,e3c8ec2636b34ec7a41bf25dba83440f,positive,praise,low,Excellent product,ollama
adb3f8d34cd17a3e271150c5cd03ee82,36cde427894b4797db8316e92b8e58f2,negative,wrong_or_missing_item,high,"Sold out, customer needs refund",ollama
089ba271d6307177cf5450c3e691f37c,223be4c8588a9c2a4957d1f36b1dd632,positive,quality_not_as_described,low,"Good quality, fast delivery",ollama
ec560cda39ef27c887c79bcb19f1c5cc,c9151302a710db6b3fd4aa4d140bd264,neutral,other,low,"Correct product, but expensive shipping",ollama
c65e8557883b01398522731ce7ba18fa,14c99dc23c614159bed88378c219456d,negative,damaged_or_defective,high,"Two cups broken, customer wants replacement",ollama
4d48894b5af2a68fe8f5b96ab4a537c9,e74d9198ddaddfc8e8090f5028697eaa,positive,late_delivery,low,Delivered on time,ollama
4058856ef8c22bd07311401448e92444,b17c8b612641d44b16b1e306763d33fe,positive,praise,low,Recommend product and store,ollama
54f995a3b58836aea6321d2b47d8beea,5930304c1503cbf5928b7e38bc52e248,positive,praise,low,"Beautiful doll, daughter loved it!",ollama
34f9f4104bb645ecc862f071e0bcfe8a,ac00b2ff2ee93f4ac33b64cd6b656ab4,neutral,quality_not_as_described,low,"Small size, G looks like P!",ollama
3fc287e5464442f30527f9ecd594fe5c,b843151eecb19cae9ac31f9b64245df9,positive,quality_not_as_described,low,Very good material,ollama
00c154d3a079672aab23c0ab34032f00,118d73676619f09bd5da8c9cf463f384,positive,late_delivery,low,Fast delivery.,ollama
0e06f1d5d590b0003c3cd14894fcc031,8ff63166365b5335a836e2e7be70eeea,positive,praise,low,"Very satisfied, excellent quality!",ollama
6b95d92af036371c6be96566e4ead156,b24ca23650d6ea6cf647d35ee3e754d3,neutral,quality_not_as_described,low,"Generally satisfactory, but laser engraving quality is lacking",ollama
dd5d5b718dc3d8aae7ab848e2d52379f,0c02a4cb5207e682d63a1343cbddd13b,negative,late_delivery,high,"Shipping company is incompetent, not delivered yet",ollama
59f5539d4fdbc4073b2196daf8e1b506,0e02536713cb943858f5cd5b34f43e4c,positive,late_delivery,low,"Delivered early, well-packed, in perfect condition",ollama
fa39d634d1ec0d522936129bc1753872,20975671430924d7380f6d3816615e37,positive,other,low,"Everything correct, good quality product and delivery",ollama
bf34baa5a3e643966eaa5e96c035cc30,b90228d9050d13c266a67be0e92ccd00,positive,quality_not_as_described,low,"Excellent sound, well-reinforced cable",ollama
4ef6d090c11e612fdfa7e92fc0395ecb,3a02bd4d9f710f7720c8e36d15bbc6d1,negative,quality_not_as_described,high,"Product not working, different from description.",ollama
1a6210951d47ea8df2b638a86e8cb662,ecd6c4b673e81e3ba899f65b2135ce70,positive,praise,low,High praise for the seller.,ollama
7fee5e6a407318ac5e96ba149af058d4,37bcd96070aa2347efafe5daef980585,neutral,other,low,No complaints so far.,ollama
27e5cfb33d3d3ccdc5b534bd15e04aec,f42de7e48a0daaa613b8aa877942800f,positive,praise,low,Positive recommendation.,ollama
5c7c905269239efe682adb5761086e54,8e031bfad27930ae71c54bd0ee2c0cc9,neutral,wrong_or_missing_item,medium,Missing item in order.,ollama
93d8779f2838b365db5e3c4ebb95ca6b,b9edb51e964553c82dd1cb214873cc32,positive,praise,low,High praise for the seller.,ollama
f8e05c231b557ae4c8d4d7c04acab1be,8d1e657be5d1b879cf7e1f085eb4a3b7,positive,other,low,Beautiful knife.,ollama
111cfb29ee27ef4da22cd948a9c9b056,c618d3f25c239068c153e78f7d9edcf6,positive,late_delivery,low,"Delivered early, highly recommended.",ollama
86c939580304eb332f3fc6989f2446ec,e760839bf2e95526c08cd98abaa16804,positive,other,low,Love the pendant.,ollama
c92cdd7dd544a01aa35137f901669cdf,37e7875cdce5a9e5b3a692971f370151,positive,late_delivery,low,"Delivered on time, as expected.",ollama
c218bdcf4f9ee56eb5a7b5840ddda3ed,7f59962b8f02ca840674b28f1b9cda2b,negative,not_received,high,"Order not delivered, urgent response needed",ollama
7fb2c642dd46a5e1dd22761b710ec7be,b25816accd207ba3b12d0f4f5ab66793,neutral,wrong_or_missing_item,low,"Wrong color received, but satisfied",ollama
7aad9d637bc361bc409504bb3f67b993,5a19541418a06483600ae1e9a751d61a,positive,praise,low,"Highly recommend, good customer service",ollama
b26a755642556c1b115289ed08626435,da8be3bb62e9bf01e2e1a3bfd74ebd1a,negative,late_delivery,medium,"Product delayed, urgent follow-up needed",ollama
623f89dabbe21686854fa13f139fb88e,43a5d40681ed4ffe2ed88d6fb2639545,positive,quality_not_as_described,low,"Product as expected, no issues",ollama
80a44adebca41c95a1e55b3da6ac72a9,0891b66cbcc48cf64f31ae9cae3d08d8,positive,seller_service,low,"Early delivery, very satisfied",ollama
d5d84b57b1d639889077eb9f2faa700d,f09392f5718864080526d96554221a13,neutral,late_delivery,low,Product delivered on time,ollama
f0005fa53204a978acb8881ac21e1e99,6ebb39e4d90eff5c1099de688d9b4f94,positive,quality_not_as_described,low,"Good quality, liked it!",ollama
55aa9e9a84ddc5afd8a39955ae09de24,0c44de2eb92602da9bddda1c7b66aa30,positive,late_delivery,low,"Delivered early, all good",ollama
60582538a0e29d07e0a0ae53e5bd01be,e34701c5837aa96777ab266393a51537,positive,praise,low,Very good product,ollama
17cb92836635f20656a6abaeb06df150,da84a8216703f542bc03d93c9394d9b1,neutral,quality_not_as_described,low,"Suggested repackaging, quality not liked",ollama
75edc5b579c145480e5ef193672b943b,e062a8654d4b657cdf2b673c0b2bac8d,negative,seller_service,medium,"Late delivery, first-time customer",ollama
142e92c14c4dd30cf58e2407de4c69f7,da9aa61ec7bb8713f483bf0bf94c71c2,positive,praise,low,Very good product,ollama
e4b02fdcd67af08618a36da2d07f1488,1500f59278b33472734cddd11039033f,negative,late_delivery,low,Very late delivery,ollama
2015db117969611f3b471e50385a90e2,d2bc00da63cd350e641ae8a80b029316,negative,damaged_or_defective,high,Defective product received,ollama
8cc9afed79d6683fa3a140fe58de2581,6be7ed9af3a3acaea3b1385c7bb83221,negative,not_received,high,"Product not received, no explanation",ollama
24a04aa019228b6be05f59401c5f501b,7110bcab44594321876407867f1fc66e,positive,praise,low,"Good service, good price",ollama
fd2801e275b556941c39fcc2da082821,50b885373bbe35c76bf53c301a8a845e,positive,praise,low,"Satisfied, fast and well-packed",ollama
47c449da8fa363f1aa2f2fe212cc8a3b,8fa6f30389819ea6543a643faf9ad7e3,positive,praise,low,"Very fast, excellent quality",ollama
47068150ea7849de742cd5e48bb386a2,aba560ab127e5b68433f34376747f9aa,negative,wrong_or_missing_item,medium,Missing item in order,ollama
a048e73bee46570c64a13f5cb50af2a6,34d5a7f77e0207e1ff6a91a51aafaa43,positive,praise,low,"Perfect, delivered as agreed. Great seller.",ollama
86fdabaccf9e9a5b6ced8d17f983fe1f,7e448546180d66b4b7b10eed77a039ee,positive,praise,low,"Absolutely loved, highly recommend!",ollama
8ec93794b94de252c0d835882c41f7bb,588085f388f3dd80c9c56681b47bf588,neutral,not_received,high,Product has not arrived yet.,ollama
f6573c0fe9c666549222e97cb9ada250,17a1763cc4982f5c4ef732af7c6e683c,negative,damaged_or_defective,high,"Product came with defect, no response.",ollama
5b2602b06d6360ecf96806983c564cb8,1ac85a0c0cc899fbf1da0f2c83737fb6,negative,damaged_or_defective,high,"Product damaged, no response.",ollama
244237a47b93454f625fbee1017e3585,0ee415fdc549189ef34dc8f7de4763cb,negative,late_delivery,medium,Product took too long to arrive.,ollama
509dcafaeae00d95a643eeafc89856d4,181ff95f97fee531c4afa9e882186f18,positive,praise,low,"Delivered super fast, excellent product.",ollama
4e7696ca45c639595230f2263fc6d058,b26530f9c2437788f9290f8339dba184,negative,wrong_or_missing_item,medium,"Only received one product, missing another.",ollama
11769e71799fc80f7eda3ae13201efcb,9e67554691d897a062b488672618621b,positive,seller_service,low,"Perfect service, arrived before expected.",ollama
96c73b4dd713c8787d7996fc194aad4a,fc698f330ec7fb74859071cc6cb29772,positive,quality_not_as_described,low,"Reliable store, product as expected.",ollama
990648ddcf81df276278d16e1f5e9c16,4540a046d78b66514285266847c73d3c,positive,praise,low,"Good quality, fair price, on-time delivery",ollama
db41329f6a593f507406f562aa61cbf6,9d4369173adc91c56c54ebba6712e732,negative,seller_service,high,"Out of stock, no refund, unsatisfied",ollama
9236629248b8bf62dccd91f0ad9d5c00,73b83fe6a84d80f819839c0f93413771,neutral,late_delivery,low,Delivery on time,ollama
bb8da5dacfe681912840fe221fdbe956,b895dc7b63a9f75621e6cb8ed54cc896,negative,damaged_or_defective,high,"Product broke, no support",ollama
6f7aca572d6cd1b50c0ef0f6cf241e73,a0afddbc8d20cd503b16d30779bb1c04,positive,praise,low,Perfect purchase process,ollama
3170bd3d6b06b69862c100f5d7a85f90,e5d8cfa5be1c79663c3c10804a02a372,neutral,quality_not_as_described,low,Low quality product,ollama
c769396233b642a0f83e2ed696c70607,84e4486c820db46414cbfb1dbbe80889,negative,wrong_or_missing_item,medium,Missing one of two items,ollama
ae7bfd47289af1f7b6868c55ae5288be,f724ab745f332c12bb5b6019127ee2ff,neutral,late_delivery,low,Early delivery,ollama
4a0d1d4fd41fa0016ec530d41dd7413f,80549ebc0ab692a2a0c6837f2292b7b4,neutral,quality_not_as_described,low,Missing batteries and batteries,ollama
0c7158b218a4a7d726cd1cebf38de6d1,4fc0a813a474373185c8f141a18878b3,positive,praise,low,"Fast delivery, good value",ollama
ae93c2547c00613d15363606b7f29cf5,3c7299e1335df876b15d9b4cd3858fa9,positive,other,low,"Liked it, practical, battery life to check",ollama
fa33387fcf465cc1e988335e1d85e8c4,805117edd028d8e0455052681bbc7f3c,positive,seller_service,low,"Delivered early, correct product, recommended",ollama
d81e9c2ab315bc3b80789004d1d108d1,c2ec5dfbcdd442236f5aa871c8da0593,positive,quality_not_as_described,low,"Daughter loved it, exactly as shown",ollama
0358a1abbec97c17e495472c63a51969,c5f2a2829db09bd21fbbb46215b74a2c,positive,praise,low,"Highly recommend, everything correct",ollama
78d1190a2809cc4fbd29712c323e57e6,c0a1f5741cc59aa9709c497f176d6dc5,neutral,late_delivery,medium,"Could be faster, delivery time issues",ollama
f9244081e21fa03d7bfca19f3eb507c8,9a8ed77611006df4a507b6649200b71a,positive,other,low,Very good,ollama
b610d2a8c75669b82df877144f55acd8,7c90d586e963f486acac5a2731869a5d,negative,not_received,high,Did not receive the product,ollama
821d748e50f2de04af90fbbac4392e47,6aa95a55a7192fafe9f44fd9dfad3523,neutral,other,low,Received correctly,ollama
0d18e45f60a3a7afb1fba854ae4cbbef,c2df028c86d4158c1bae5a4028860656,positive,other,low,Received quickly and correctly,ollama
072c636f45c200f262947fb738fcab6f,b43a43696d9a9950b681606b8c7786ec,positive,praise,low,"Liked the towels, good size, bright colors",ollama
fc0ad46a8b1440ddc627bd67b62a5258,6460e331ee8f69c01f1423cca48d9991,neutral,late_delivery,medium,Delivered late but arrived.,ollama
58402ae221a811b5625bd1dec2f2eca1,8774d6fb5a8c64bbb720a8271eb207c0,positive,praise,low,"Satisfied with the product, perfect quality.",ollama
3922f47d7bde0caf546f90477c54b983,4c0e7658ee833bf5d9523ef57e6c202f,neutral,other,low,Thank you.,ollama
e1307487e0f2b360852f71ebf833ab32,ac190835077b797903f673fa82dc753c,positive,praise,low,Very good quality product.,ollama
4f96b0ef7645ece12759dd8598960c0c,8ee8c0426394f8fb52861464aa0b4b40,positive,praise,low,"Quick delivery, recommend the seller.",ollama
8c4aab23d75021790f0650bcd00808a1,7f76cbdccae790b41d0c10e5734c384e,positive,praise,low,Satisfied with the product and delivery.,ollama
3030a13c1b62a130df418ed5dd28429c,a2bc7c1f8a1af365261e4f280bff4f6d,positive,praise,low,Love the product and the purchase process.,ollama
8322a290c457ed9e966e72d84720b679,2b5a652c5e22d7c846b463c4888c5896,positive,praise,low,"Recommend to family, will buy more.",ollama
6c80ce8a29a01703e15683d4a6cd60a2,59f20ac0aae46d0940018c589d3571f4,negative,wrong_or_missing_item,high,Received an empty envelope.,ollama
f32fd5d39168e19eb59a86fb547338d2,045fb730a757a5379d79bdbc42d4e84b,negative,not_received,high,No delivery despite being marked as delivered.,ollama
88d007e4edce5f15abdee8f4210bb105,8a8d4f2c50daf68104823637fbb01111,neutral,other,low,On time delivery,ollama
2bf094361021dbcd30964966e2327e68,a05955b3170a4c7a3e758f164a61376d,negative,not_received,high,Did not receive the product,ollama
f436d913b24e86f7520f537fc803c88b,039ff75de38e514eaa8ffb2618d5227e,positive,praise,low,"High quality, fast delivery",ollama
4e1dc3d2c011aaaab1ff3481fda0c3f8,86d0407492e51a6150dfa8883cbe4094,negative,damaged_or_defective,high,"Doesn't work, very poor quality",ollama
6fd9df2c45171dd5dfd9e0298ce3b4ad,d7e46fa6ab3491ceca084b0552086f93,neutral,seller_service,medium,"Issues resolved, but kept in the dark",ollama
7f0a8cc1d2aa250b94c9bee424a69463,1ac9d38dde347ffac03bdb653003682b,positive,praise,low,Good product,ollama
129825441e327f581358cf4d48fd8a45,c771daed5a327383979b39b00a919a1f,positive,quality_not_as_described,low,"Product as described, no issues",ollama
234cc36cd231bf99dfea4eca79eb2a68,a95eb29a471af01de73051c0c2be6424,neutral,other,low,"Using product, seems to work",ollama
13901652bbe59caaef4c6c40b9ef5e86,f46198db9ff29316c3d930efbef08666,negative,late_delivery,medium,Long delivery time,ollama
c63d0c2aad4dc91deaeaf65478de1ad8,8f22c3d28fe3bfa49067957987c0c8d1,negative,wrong_or_missing_item,medium,"Items received at different times, some missing",ollama
9ab0b4714556d539f954a0f1afa673e9,e33ae8b905bb0354b42f585bdfd3ab0d,negative,quality_not_as_described,high,"Bad taste, undissolvable, regret purchase",ollama
f11993a5ca65c2cf13dab525908aa421,304e8cf62306a897106fd54ccfcc88bc,neutral,other,low,"Positive, but now repelling",ollama
782ee11f014ed36ea1e161a0cd20d883,dbe2d1c6c34f5c31bb6736e1720c9b7e,negative,not_received,high,"Did not receive product, got wrong item",ollama
3594c121d517434e4d735a6a4d8594c2,417d2c0b5fb1f2aacd28ed66e8b9c194,positive,other,low,Received on time,ollama
1d9d15f2ad8938d7a3ddba52402368dd,ec3cb679fa9b3980e072558009c51b62,positive,praise,low,Excellent,ollama
6b8e67a6c6c4c869692a559870db5533,15c678abbfb30046bbc527e08721f88a,neutral,other,low,Thank you,ollama
02fce2d21962d7e2a5cd2a8c77e7713f,62a50d53a4e50a04954b779f7ee090db,positive,seller_service,low,Recommend for fast service and customer care,ollama
347884b0292b83d18bc0de5dbc9dd862,ad48ecb306503a2b1707a029cc13a76c,negative,wrong_or_missing_item,high,Device J7 not delivered,ollama
a6b0a15e1bd9a39d4b8ebca93d0d0e40,d849519c380fc7427ba88fc312ade389,negative,not_received,high,"Did not receive product, no response",ollama
92777cf0cba043222a2bea54699598cd,273ca519104461b29b7e89ebad868563,positive,other,low,"Received on time, within 23 working days",ollama
63d6f065a7483e120bec0f5825e1c40e,1d23106803c48c391366ff224513fb7f,negative,wrong_or_missing_item,high,Received only one of four products.,ollama
d7319683190f7e136e9900018abef8b8,a8b39d7588ebc10f8adb725a1be312be,positive,praise,low,"Excellent quality product, delivered early.",ollama
0fe7e913cd1c4f207506a6286dd23187,c88921a6cbda2e9973f9cfbd4e771d20,positive,praise,low,"Beautiful packaging, fast delivery, great quality.",ollama
f2b8712833e205fbce65a031d7118923,f8a0c2f75253cacddb95753652794c0f,negative,not_received,high,"No product received, asking for refund.",ollama
83c1973edf0d7f69fe893a3d123eb2e5,c6bbde0cc0abfd5ffa9ab6da2d7391d5,negative,damaged_or_defective,high,"One of two products arrived defective, canceled order.",ollama
4f3650278a96ae7bc5ca30316a2e2fc3,11177b43d0995dfa2114ceefa2c0cc16,negative,late_delivery,medium,Product not delivered on time.,ollama
ecf4b5b8f37cf9690b94abf256ccdea2,e85c92ee6a3ba1ef47e41c23286314d9,negative,other,low,Missing invoice.,ollama
f1d72c86d8801bdf634f944b525ee5e3,08edeac38b68f66bf2e8c3701badde1c,negative,late_delivery,medium,Long delivery time for a small product.,ollama
fba76d26ed5182660cc2a3c0d4d32330,8216d7ffa665e6b5100c873eb7a44c18,negative,wrong_or_missing_item,high,"Only one of three luminaires delivered, waiting for the rest.",ollama
d41e4d0c40d052536b2422cd653e2cf8,704ee0cb53db0aa5d0912298dd0e0c16,positive,praise,low,"Great delivery, good price, liked everything.",ollama
007b9a1a5048eea7367eeb4a73a84422,26bd0671edd018403939ee3037e81af4,neutral,other,low,"Early to judge, son hasn't used yet.",ollama
5ceaf2de52def27df8e7ada53c7d4e59,7543a6fd664cf3ced4e8d01d48207a80,positive,praise,low,"Great product, on-time delivery.",ollama
13e5d0c88df75ece0878b9c4e3a3cc03,974c1993ab8024d3ed16229183c2308d,positive,praise,low,Great product.,ollama
5d42a4edc6bae2e5c4caae454e3675ac,ff28c0612d31703caeb619081868bd35,positive,praise,low,"Liked the product, very pretty.",ollama
8517524b3bd5bff8c6ed37fd182267df,8533051a3ddfba857f39aa28d5b7a8f1,negative,wrong_or_missing_item,high,"Wrong model, can't return.",ollama
8993a8457bcd714862015dcf02818cd5,e4dedbcf41b39d53b8ac735d22ce670c,positive,praise,low,"Good, delivered early.",ollama
0caad16aa61e548b05ba629acd27535e,0e2f2a11ed7233e538469471930a7ed7,positive,other,low,All good.,ollama
00aeab95e1f1ad380e8e5d431047e78a,4bb2ee0b9741faceac3deb03a2e53fa6,positive,praise,low,Great equipment!,ollama
ac8b1784e0eb6845d9591f6048e7fe60,853bcc471d6ed0eb620a497023eb9fa6,negative,quality_not_as_described,high,"Poor quality, disappointed.",ollama
db7642a77d14a7a502ca0c6a7cbf7d00,69eda667e556fbf004a1c26468e91d35,neutral,quality_not_as_described,medium,"Good delivery, quality not as expected.",ollama
44cff23dc6c95bcfa3e8d23c0ef07c95,c870ef6a8e1d8eec841d79b42a6a20e4,negative,damaged_or_defective,medium,"Leaking product, quality issue",ollama
92b3097ba1639ecbd0d32d8977c37176,1985dcd0eb8cb683615c1d2b8f324572,negative,seller_service,medium,"Delayed order, unsatisfied customer",ollama
f9855b2a3804c544295f4cb18ed7d9e9,f38ae8b796d52858ed18b394908209d8,negative,late_delivery,high,"Severe delivery delay, no response",ollama
13202d91d77372e2ff282a4b01dd1404,02f6d9982a52e44cf5a2be82598d078d,neutral,seller_service,low,Suggestion to contact customer,ollama
6e7721612f7bad724fe7cd5086fe4584,397362c54ef533a63d68133a45ecf54f,positive,praise,low,"Good seller, product as described",ollama
a48fb147911e130795fbba0a74da0a14,746327966e37217c499ecfb3caedf658,negative,wrong_or_missing_item,medium,"Incorrect product, incomplete order",ollama
8814aced12ca52aca682abcaa0c84c17,54066aeaaf3ac32e7bb6e45aa3bf65e4,neutral,late_delivery,medium,"Delivery issue, product returned",ollama
6cc130828b852a08f285b4580c79cb82,4cc7a837ccbd410b6a7ebe3e15dc8800,positive,other,low,Fast and secure delivery,ollama
45480bab280234abf804612eda0467df,a4d63c74eb133a700461000c2e8df158,neutral,late_delivery,medium,Delayed due to postal strike,ollama
7c577393e39398b521f11fa118c8003a,c78339d47b843efc7ca04533d1848568,negative,quality_not_as_described,low,"Incorrect material, expected metal",ollama
8b360dcf344ee2b2221a3912e3b88d36,4a742fa7344845af73696d98a380f430,negative,wrong_or_missing_item,high,"Missing item in order, seller response awaited",ollama
448a6907278439f16764c9a22993fadf,a7ba0112ae1019055442b330ee484e67,positive,praise,low,Praise for seller's service,ollama
7f1d1a9612e4aed7a7d3155f0779dc4b,0ee62a44a21a9b7a751c01451bfcf512,negative,damaged_or_defective,high,"Product arrived damaged, affecting functionality",ollama
bab4dd9c44eb6d5982fb169ce975315f,a49ef06443dbe442d78f3fa3b26848d2,negative,not_received,high,Request for order cancellation,ollama
aa8d8879ec582aa121f6b4d8b7aa6e30,f7d991e51703014752000a5a1dabc152,negative,wrong_or_missing_item,high,"Missing item in order, planning to process",ollama
e06d9a717c61331208eabed007431c41,feefeb75fc11328c8bd36a9e6a691cad,neutral,late_delivery,medium,"Delivery issues, but product received",ollama
c3a44cf9466897aac488428887bbb024,c9befd31f56327da820200286183ceac,positive,praise,low,Positive comment on product,ollama
ce1f9aed6a191369b2be663a1ef256fd,e2bd28bec2c4b78b6b39dd0cda08c177,positive,praise,low,Positive comment on product,ollama
df134a7506adf5ce93a6b0df65e405cf,cae3cbca63ed88a251ad906468b11da6,negative,not_received,high,"Missing item in order, still pending",ollama
9de30ce8cb2868c02837597328ba7331,44f720ecff743e26f1e3389c21fa89d2,positive,quality_not_as_described,low,Product arrived as expected,ollama
69e693eea0bcb9cc70d1ce0662cbfe4f,77c820f0779ad518a4a2c6ddba08477c,positive,praise,low,"Always buy from Lannister stores, always recommend.",ollama
676c4adf681a28067e0a7a3f3c6473b4,17fcc69aad66a8975f5e3e7c4e5928ec,positive,praise,low,"Delivered early, product perfect, highly recommended.",ollama
7c0cfe8e81f3a03ccf95b8a31ee4a57a,b6f50dae2488438e81d1828b3d45e161,neutral,damaged_or_defective,low,"Box damaged, product fine.",ollama
70d5b7f19b7d90652715b50c78b73a8e,f2597992f6da6f545223c8f3aac0a681,positive,praise,low,"Rating 10, always buy.",ollama
335865225cf88af9e7c03e0c9a22b99d,a373ffc34c4613f5136ec29b5af247e4,positive,praise,low,"Good products, good delivery, always buy.",ollama
985234d8c4cf3b005fd5dee7b4e01cce,e95356181d857128f9a0eb779ad36381,positive,praise,low,"Great products, great delivery, only praise.",ollama
70f7e8bbcb262143ac3feb51336d7b2f,878697957b3d5ed7b037b0dbd7b8af8c,neutral,wrong_or_missing_item,low,"Wrong color, green instead of black.",ollama
92989548070583acc4b0e1d944bb02b0,f0eaef1006347966bb8d9df149b7fb69,negative,wrong_or_missing_item,medium,"Ordered black bag, received two colorful ones.",ollama
78db9be1df52789c6c11f4b73ef2366d,0a308be0b454b3664e06318c9bd6a5be,positive,late_delivery,low,"Very satisfied, fast delivery, cheaper than expected.",ollama
083137fabb55b020fdba930b49d970aa,a6e72869e355a73024a941ae6ec91919,positive,late_delivery,low,"Quick delivery, 1 week early.",ollama
84c72a67af491d91ec30d2d823ce03f8,e577959b2a73af52e0e0f58d8c222b8f,positive,praise,low,Very positive experience,ollama
8bc368acf5fe99b8b885519671fe59bc,bcfc900d23f41400778893ca87dc5219,positive,praise,low,"Great purchase, arrived early, well-packed",ollama
747e8c48ec69d0b01b84f102168d14e3,d0935e6fe51f0d5724f4759cfaa8caf3,neutral,seller_service,medium,No solution for invoice issue,ollama
8fc1b852ff6711891cf819b1c262f8aa,82121ebedf0f27bfb35630958489c7ea,neutral,late_delivery,low,Delivered before deadline,ollama
f61d84c3ff77d70dbcff0ee5613205dc,c106f2772c1c3227637339f5d1833f5f,neutral,seller_service,low,"Support could be better, needs marking for screws",ollama
b7065b886952c8d00d3105d9d82a9ce8,1baa165f6d1fc73d5be966f0b3ed1499,positive,praise,low,Quality and good service,ollama
7b00c72b69e5b4ef85a4df3c24ee591c,e7741e6bb1dfbc9d36e13da26d517d4c,positive,praise,low,"Very good, on time",ollama
72f8cd13c175f856ceadc8dffda09257,bb0b676d5b0925b1ef529d78548c37b9,positive,praise,low,Always well served by Lannister,ollama
3c663ff1b7a1bb2e03a17f6addc145ac,3124684fac5c06e0aa798a6c20b9413a,positive,quality_not_as_described,low,"Low calorie, tasty, worth it",ollama
6138b20e7fdc6943f00540d5761c0750,adc4e509a9b11c13575e75e6defef283,positive,other,low,Everything okay,ollama
da56af7a9b34fdcf8819096258def9f6,4d5779c1406a8459afe82091e0dae935,positive,praise,low,"Delivered early, recommended to friends.",ollama
2782f48d644ebac730eaf9b5bdcf3a19,2f4f4e713ba94c2880bd26d5adb142e1,neutral,praise,low,Congratulations.,ollama
134c07991339f8489737542988c2b0e2,cbb72509db819f7369c9f19d15b8c64c,positive,praise,low,Good product.,ollama
7bf33248d5b2bc70dadc16fe9fef08cb,8c0af913eb525b355c4997a2a4166696,positive,praise,low,"Delivered on time, as described, well-packed.",ollama
fed313d12d45e5e335f56a188a5d83fa,46ad0b6df7c2befc459ec361a3b4ec2a,positive,praise,low,"Quick delivery, very good product.",ollama
a3f3171974a20833fb10286e268e5340,22d494f5aa645ca9c597962040fc930f,negative,not_received,high,"Did not receive, requested refund, credit not credited.",ollama
91b45c7885c706fadd94f5f020e7bdfd,57db9f1b9ba0b6c4abcb4eb40e83c182,positive,praise,low,"Great cream for leg pain, highly recommended.",ollama
db05c09d2ee236a0e48cb994eaaaa3a4,17b64a39e956f1ff14d42a2f76a37305,negative,late_delivery,medium,"Long wait for requests, slow shipping!",ollama
b7c683ec171cf5e54f75d6a7c6f076eb,8835bc08d0bba62b3f65c7903126fa49,positive,praise,low,"Met expectations, excellent product, good price.",ollama
799879ae5c2a236f531682ecfd39970d,c35a37d0a33beb367aad6fc4dc2178ec,neutral,late_delivery,low,"Delivered on time, but high shipping cost.",ollama
48218a5b6f2ec999f6536629afcd1928,e80158981f299f984453ee1a55275764,positive,praise,low,Very good.,ollama
6711c1de8fa9e1b08b612053654a6914,3a6e8538e1375fe73ec8da36fd36fe3e,negative,wrong_or_missing_item,medium,Printer missing protective cover and black cartridge was dry.,ollama
d977f9af27492d32038daa8dcfeed1b2,3de642b372ed772362b5a3df6f583046,neutral,not_received,high,Did not receive order.,ollama
cb25eb19186f0efed5dd0e9d3cc3475c,498b82eee940ee411a28499634675d5e,negative,not_received,high,"Did not receive order, website says received.",ollama
1a8e52b2cfdb53024f79439f4f30b53d,829d14a0e060598e3de477687e72a312,positive,seller_service,low,Delivery in less than 48 hours.,ollama
e7135088da2b2ed8c3fcf963ef499152,0fabf6ce53c71089f2082b2b200bf8ee,positive,praise,low,Beautiful... excellent quality... highly recommend.,ollama
3ddb9e0ef6cc41bb15fbc3290d6be922,36af5b0b0ededbf6f30d1d809f05536b,positive,seller_service,low,"Received quickly. Recommend, excellent quality.",ollama
e4310b915d9f95fea492b476b5fa8ef7,7723b5b9aece2fe48715a349e72ce1df,positive,seller_service,low,Excellent product. Arrived undamaged. Recommend.,ollama
65002ef06d60405421812c7ee7d2e39a,a15be694d8267e907bfab3b785558e83,neutral,not_received,high,Still waiting for product to arrive.,ollama
7ebc4385f34ecc6a4e33c4ec75384d84,086c6d64a23359add6c0488fbca20ccb,positive,praise,low,Very good. Will buy again quickly.,ollama
76ca059c93cf817220529ead9d9a2064,ea884b5a25f86e605e1750bd936e0122,negative,damaged_or_defective,high,"Product arrived damaged, multiple issues.",ollama
6fe119817f6c81ce3713f4f00a87c9c4,ee9b8c41892be7b578ef5756d88fcf49,positive,praise,low,Perfect product and delivery.,ollama
706ffd0fca9eb4f93d2f6ddead6f61a5,1228dac9977828d7f61c8785ee414064,positive,late_delivery,low,Excellent delivery speed.,ollama
0989809c7f3c376ee14c635684920d52,cb123d857949246d3e5f1c532280c023,negative,not_received,high,"Bad store, doesn't deliver.",ollama
6a7072f771912b483b51ca430d33b7f3,16b812958d1a00bb75c3256b05b5a632,negative,seller_service,high,Order canceled without explanation.,ollama
7bc293fc49d5d5c49d9d5d6b59d12b85,bc98cb8e1e7301ff6ae37a80c1bb020f,neutral,other,low,"Objective, practical, and effective.",ollama
12af7591bfb1fc87142424b66c02aa08,f9e25e45bfe3cec5f375d833da7ee626,positive,praise,low,Recommend store and product.,ollama
0610cd28228b1f0f75bc2e7e755b66e7,a688c7001406d268e4d8779ab25573a1,negative,wrong_or_missing_item,medium,Missing one tonner in order.,ollama
132e260183d46eb7f2404984a072f999,78532cc9bdcc3c18c8ad8fe190844253,positive,quality_not_as_described,low,"Great product, delivered early.",ollama
6d864f6b064786c40c3c3040878b0e41,ad4098a257676ea4d394fb3bbbf36ca3,negative,not_received,high,"Second time not receiving order, waiting for solution.",ollama
0af8cff40313ce0cc470ac4bf0c9b26d,d1d768d42cf0f3a2effce95ea71e111a,neutral,other,low,Request for included power adapter,ollama
4b9a4d35b09a803f03608918e320db35,fd867bdd8258af11c6d8d6ff8c6c82db,positive,praise,low,"Pincels are very soft, loved them",ollama
fd38d6f01fd271864fcb19ace4928828,02119fc90b970a6b0f5f554659843ab4,positive,praise,low,Excellent product,ollama
a28726914fd84bd6e3e20315e38b3e90,575d1ab8d021ded6ab9bd7340d7b7b42,positive,seller_service,low,"Delivery 1 day early, great service",ollama
48161c07496f0e1179bafc508f19c1a7,1ca88ffec09fd363aa4aa1cb994c851d,negative,not_received,high,"No updates on order since 14th, not responded",ollama
c397202cce7be45c9612963caccf931b,82ea57e68e895b25d0e2f3da566322e6,positive,praise,low,LOVED THE PRODUCT,ollama
d7aab6a7134b55c71503d87cb1bf2206,5d9c5817e278892b7498d90bfa28ade8,negative,not_received,high,"Order marked cancelled, but never received",ollama
835a8a720294990882e07029c090fe19,885c678a9ef215e384152a0b5c203552,positive,late_delivery,low,"Good product, arrived on time",ollama
3351b0105f0ad1848703385831f5b5b5,f0a5eb092cfa7806badb010098ab646d,positive,praise,low,Beautiful blanket,ollama
39428d600d091eef77d4d97572facdc7,abb6ee8df76cd626afdcf19cec0d62bf,positive,late_delivery,low,Delivered on time,ollama
0280208daa05d4fbaa9ae4525a6a76a1,e67b282bce4a6e7095116b351ddb81e7,positive,quality_not_as_described,low,"Excellent quality, delivered early",ollama
2a520f32169e1e4aad35d6365878a4b3,28102fcf855de00539e3b6ab0920648b,positive,praise,low,Love the quilt,ollama
f4b520ec192703c0bb6ad81eeba264f3,9d4c848f67a05d1b2d6f9f9fe1c932c8,positive,seller_service,low,"Good store, respectful",ollama
257554804cafce94a7ad60fe25a4956d,245aa8f9f04307432e42c3244bd3a1ff,positive,quality_not_as_described,low,Beautiful and good quality product,ollama
e6e3e4260121acaef376e7a8757f5a62,52840e5aec363acd1243c43edd744d17,positive,quality_not_as_described,low,Beautiful product,ollama
bceb8ea45e016d1107b14400a154e4b1,af1ffd059ac0a5f3996b4fe6c2863116,negative,wrong_or_missing_item,medium,Missing shower arm with diverter,ollama
23024abe54998df2d63ccfddf77408db,7f0d655ffe806d4ab4ade36bbaa8e71e,neutral,late_delivery,low,"Delivered on time, well packed",ollama
335889d90eb539151df37e3470fc653b,91bcb2a4582479914b3c1e17a7464caa,negative,wrong_or_missing_item,medium,"Only received one table, where is the other",ollama
307fb88d1b18c179c299fe1fd2311491,1c22db314685946243787baefb41a355,negative,quality_not_as_described,high,"Counterfeit product, disgusting",ollama
5d9e701391b67b1b524f29ef4df772d9,a1a43def14457b1136b6fb625b7553aa,positive,seller_service,low,"Very fast delivery, well packed, great product",ollama
2c303fb6b2f9c16f324f7deb88e736fe,d9fb85f3f3239e18e331c9f622d6998b,positive,praise,low,Product very good,ollama
6d33a7b70521b7fb2194138533ebd2f9,27791b643439f653faa711f08d8b801f,negative,quality_not_as_described,medium,"Poor quality, different from photo",ollama
ad6422f597af0336da7ca321cadbd971,715db622428425d51cc31f65a8b82eb0,negative,seller_service,high,"Slow return process, defective product",ollama
e85fe5bf365daf490df3bd3813e89f39,80a26b4ee1a6aff31f37986403491366,negative,late_delivery,medium,"Late delivery, missing parts",ollama
f74e01a1668a8df8cc2cbff229750aad,0f6c56738e9a7a30c78b735a231d3f56,negative,wrong_or_missing_item,high,Missing product in order,ollama
f8d66c822dc1e31d736653fb052e9042,3a27e0b9d5d118eeba13571803a2b08e,positive,late_delivery,low,Delivered before deadline,ollama
a012dbe4eb423520b4b54f9da13c9426,9be011772d473c8a8c87e86029ab511c,negative,wrong_or_missing_item,high,"Missing products, no invoice",ollama
200af3f4bb0e4dd761e2c952e3208319,1f9624a22a45c44073523bcf6f1c47a2,negative,wrong_or_missing_item,high,"Product not as expected, order issues",ollama
822964b23e3de8dbaf7cbf3a10807a17,3236502189f81db24c16f560eb9249c4,positive,other,low,"Fast delivery, well packed",ollama
2b17ab6dd9a83e7b2a5ad009873a3c72,5409caeb5a9baefa9e8316e7854e532f,negative,wrong_or_missing_item,medium,Missing part in order,ollama
06073b0401001a13852c14633b283718,d1e4ea32fa9aa0cb1851fb7f6209f70b,positive,other,low,Received on time without problems,ollama
73655428aed84e7293683e26614d5004,3062239cf5087db015afcb38eb79c5c1,neutral,not_received,high,Product still with transporter,ollama
aee5548141dbee526d36196c1ab0331f,5d909102ebc265d8d1dbb49204b5757a,negative,not_received,high,"Product did not arrive, waiting for refund",ollama
ffd1dae5ff6fc7d3e77dce7837063091,7267a487cb9868419cf7109852e4ec34,positive,praise,low,"Excellent product, delivered early, very satisfied",ollama
6cbcddbba1fc2c7f7c1b08afab97155a,40943871fddded9badd0c7a30758807c,positive,praise,low,"Everything correct, well packed, love the case",ollama
8af8b6f27fd4468c4809b1d782c30a28,69fd81b0cd556f5da5000c1ed874ed19,positive,praise,low,"Product arrived in excellent condition, before deadline",ollama
8b5939810f5454fcbb50765827fd7130,573de7df35639ded5e09b11ea2542d17,neutral,other,low,Good cost-benefit,ollama
0a9d200bdef258e70eb48398e1287d6d,f9dba21dfbb520ed911cebc91688195e,neutral,other,low,Very good,ollama
87a3f9501b78064b7ca6f74f57bbdcd7,8d041d799681ab5221f1fd956d1d59f7,positive,other,low,Very easy to apply and looks great,ollama
dd371043e4ae5db4905fb05df1cb2db0,f7040a177f3827f17f94bd8e437869ad,positive,praise,low,Love it. Great fabric and firm. Recommend purchase,ollama
6891009489ffcf77551f3582e35dbeb7,fb7ead2842ee0acaace53d1476d0b7ca,positive,other,low,"Steady as always, fulfilling promises.",ollama
7f298aba2b59e6f9561e430d75728eb9,16a182d2e328e5f0b3252d367e17bc14,positive,quality_not_as_described,low,Exactly as advertised. Fast delivery. Very satisfied.,ollama
13d42b4e282c863da04b3d256e85fbea,83cbab9daaf549182de4705ab0ca54ed,negative,wrong_or_missing_item,high,Wrong product received. Money not refunded.,ollama
7fab5334376b91b1b71e36e5216cddb9,05c1808ab7242e387b4947245e0c0649,neutral,seller_service,low,Excellent seller.,ollama
bd9223b891c8e10fa5f50ea20f2720f3,8be1dd0fb923fea4a685f47cbad9e81a,positive,quality_not_as_described,low,"Product arrived on time, well packaged, good quality.",ollama
2628dd5e410a25dde4e462bb8b005bb4,30d5a8ce8a4195b742a8342c739efe91,neutral,damaged_or_defective,medium,"Product a bit fragile, expected more.",ollama
a7f1e7d8ba475cecdc9d4b7c73187313,78803193be3bdf95bc16a5d9271aedb8,negative,wrong_or_missing_item,high,Received only one product. Waiting for a response.,ollama
0b5d60a15db1aefb367627451ee685d8,3b090f7fe6e2cf01b468a154dc9c546a,negative,seller_service,high,No response from the store. Sent email but not answered.,ollama
49a9c89cc9c79ee68e76d4a631767b5c,5af5ca095ad252181b2d59519e3714db,neutral,quality_not_as_described,low,Delivered before the promised date. Excellent partner.,ollama
6e363a38823008d23ef7006f913a3ab3,108f4fb029e55a72b96fac9b9f489c1e,positive,other,low,Everything okay!,ollama
7ff02a61c340c864ca6c4fb11e0675b9,014fc889637133d9075190ba873dfc03,negative,wrong_or_missing_item,high,Wrong product and packaging received.,ollama
17e3aecbb1c1485b9ccf15f2efe55278,ec4dd77cb91b7689d123349c0e06f121,positive,praise,low,"Delivery on time, product in perfect condition.",ollama
ff47bd9c9fb047d0404431a857b2458b,8c6dfc3056be4a27212a845d5f2bddc5,positive,praise,low,Loved the products.,ollama
3a92d6c4ac2b89af3e0d1d0364c78bc6,c5286c3adca434033c81d5622ebf1c2f,neutral,seller_service,medium,"Quick delivery, but missing back side.",ollama
0e2266aaa2d3ab053edc0d571b4b3a52,7b93e2f7db1b7cf907cffcfc02ce5455,positive,praise,low,"Good product, as expected.",ollama
877418e5a4adabb83f910abc4909a232,dfdbb5222ccb0db3a64c6a09ba0995b1,positive,seller_service,low,"Good product, faster than expected, but high shipping cost.",ollama
e2c2113d45d6f7c25d9f9a4795fd9477,a3618e87bbadb70219347557df7d551f,positive,praise,low,"Good product, highly recommend to women.",ollama
d8dc34f4603cdab08720046c2708da2d,4fff232856461ca40f8f09f9ce75fcda,negative,damaged_or_defective,high,"Product has scratches, want warranty info.",ollama
db27636ea82d449a9e0d1bea6b419465,a9a93c428c6103f2151bb63a1d32a520,negative,not_received,high,Order not received.,ollama
620edb8a2d08cc885a5d240218aabb0a,b18478bbf9b2283e3d12452f69fd9ce2,positive,late_delivery,medium,"Correct product, delivered early, but had to pick up from post office.",ollama
832e54fbe19c3788e8493da8b12b9847,4f44b2c6ae837b5f817a2d621973fc34,positive,quality_not_as_described,low,"Good products, great quality.",ollama
dfd3f4b41c7041cec43169db756d7b07,2bacd0ec76fd0e9fe78bc4395ba0d63b,positive,seller_service,low,"Product arrived quickly, well-packed.",ollama
cd72c5b396769d6793241f7c631b95c4,67a02a73466642c42627bf50de7bea92,positive,quality_not_as_described,low,"Good value for money, on time.",ollama
e7c06f0c7dd0fbfa56a8804503d44b1c,3fdc7dae10900f3b484cae506870d823,negative,quality_not_as_described,low,"Poor quality, plastic instead of fabric.",ollama
63f83c93b3c329f2872721e7e17e23e3,7c0b9b2385b65bd8c7aa778a843155e9,negative,not_received,high,Still haven't received the product.,ollama
c557f1f8cc26c5d4acc80a7d850c1305,ab0c90a5da04e0132ea07c113bedec0d,positive,praise,low,Great product.,ollama
49b6c05f6524cc66ebd94a161b5cc391,34a9dd848ef0ebd4ae4b60d31720497d,negative,seller_service,high,"Product stolen, no resolution.",ollama
32fdac426bf6f97f7cbd250cff7f1ee8,f86e20fe6ce750c00d7ed08e8c67384f,positive,other,low,Satisfied.,ollama
5b96ca8d3c4d4a99cb9c4ab5d0415370,742a36775534b588ed2a62ba4c2d9cd7,positive,late_delivery,low,Delivered on time.,ollama
855b736a765231a15a8c1f0b52341bed,95f55726bc4e323e44e57778ca84c0b5,positive,praise,low,"Thank you, mother liked it very much.",ollama
3d792f548d94a2fd534720281488a5d0,8dba24f9985ee1c23c565330d02c5099,neutral,wrong_or_missing_item,low,"Received expected product, missing invoice.",ollama
3f4d0b74e4f3cdb458ce7162a5ae2b00,be0cc702e034bfbeba1a8a006eb9dce5,positive,praise,low,Strongly recommend the product.,ollama
6318842b0d533f35b17c4b1cfa7df5ea,f0b673967b0be0bfcc14490d3d1842a8,positive,quality_not_as_described,medium,"Product as described, on time.",ollama
7a11bf826668febba0800ec35884958c,52018484704db3661b98ce838612b507,negative,damaged_or_defective,high,"Product too small, screen easily comes off.",ollama
8e7f9fd6f95177409840957c943f223e,4599caaeb7614fc2c3aa1d74531005e1,positive,seller_service,low,"Late delivery, but will buy again.",ollama
f356842e14257f24b05523c9a4314574,24b0555959f9e29bcb212e1b0ed0b878,positive,praise,low,"Very good, early delivery.",ollama
26181a4847cff3a60f9eb005f2179cda,29049da83627b9d57b5f4f9bf861378c,positive,quality_not_as_described,low,Fast and as described.,ollama
9c94f89229a5e60353acff4fa344a0a1,4ff9dba5338caad2754b1560f3b27c0d,positive,seller_service,low,"Easy navigation, early delivery.",ollama
56fa8f6d3b3418e1e00dd4c59e8fa3f9,75ac959e92dad3a1807efc845e07e439,positive,quality_not_as_described,low,"Excellent, early delivery.",ollama
e8dbfe5bf369e4fe79b41ae8c308f0a1,56dcfb3b5a29fb9edb862287a6c485a0,negative,late_delivery,medium,"Late delivery, 1 day over promised date.",ollama
c88e60784375d0e3348303c52ae7519e,2ffda1267c5facd329521f983872a4bd,positive,other,low,"Delivered early, very good.",ollama
bc23154cd028443c6768333706393e62,3829f15c6412e72045f01b63e798d413,positive,praise,low,Beautiful and good quality product.,ollama
10467dc456e818c60bd750271b5d183e,d7362aa5fe91fbcde99a34eb3f592a36,negative,late_delivery,medium,"Late delivery, doesn't meet promised time.",ollama
5b8bc821b0dac71070edd3a6ac0d7bea,135118d8d6f93cb3d6839435e5b6658a,positive,praise,low,"Love it, recommend, but item not received.",ollama
15c0cb309548f38b7eceb4c5c1dce401,a6840c3c8bb056af9cce2e2ea459769a,neutral,other,low,Suggest better shipping evaluation.,ollama
551327d101abcaac7eb6cec99b53f0f3,47b70930d56276c49d6e642ed8cc70b4,positive,praise,low,"Quick purchase, delivered on time, recommend.",ollama
f49754ea0d72fbdf429f5a4f97712538,9af6f205c7247ac28685a350094ce865,negative,not_received,high,"Still haven't received the product, ordered in advance.",ollama
bdf7a30058c2863083371bd7ad6c7a04,0c9f4cd9a2f5e3783d9ec0f4daa33741,neutral,seller_service,medium,Asked for resend after problem resolution.,ollama
39701ad69837cd70e412e278dd1441a4,3456e4510b8dbddfb1d17d38deb2bbe6,negative,damaged_or_defective,medium,Product packaging and box severely damaged.,ollama
8afbecba7765b05eeb23bbdd67cce77d,594be2ebade43b59e6b9a29886de1de2,positive,other,low,"Great transmission, lasts a lot.",ollama
0c80c549846c5481daad2eb09ec37bfc,d4f1f8bb167c14ceae69adb36c2634b2,negative,damaged_or_defective,high,"Bad product, damaged",ollama
28f4916cccacd0d91bf4909bb9663600,3521cc9e135966413d4c3eb1a212e19a,positive,praise,low,"As described, recommended",ollama
9519e51b6a8a8e589eaca3ebf80d85aa,e8db697a6bd22722ed990beab0b844c9,positive,other,low,Everything alright,ollama
05369b2aa7f5d83fe180315208a0cefe,dcd8d1436b8fcc5acd68228aafd77de6,positive,other,low,Good product,ollama
eb9c6023186fb823701a31aaad9d34ab,7796f39e1b16dacb03e333547d3c2252,positive,seller_service,low,"Good quality, excellent service",ollama
4db62539b37111a487038a7105af406c,295925037780bbbf9d7a2294087693bc,positive,praise,low,Great product,ollama
8199aea809f54de0b510d885b4b35467,96232025cb67bf9cece00d90f9d225e8,negative,damaged_or_defective,medium,"Product damaged, requesting replacement",ollama
3355e9d41c3da7a5d0168264fc909a0f,c73a56b991707be0c940896c7b7dd98c,positive,quality_not_as_described,low,"Good product, better than expected",ollama
63c761f149aefca945305229a59ba3fc,07440dff5293ea24c5fac25a473c2eef,negative,not_received,high,Did not receive the item,ollama
bf33170592a5879293223fd18fb7cedd,e6b366b1ca31e3d1a57113196398f8dd,positive,other,low,"Product as expected, fast delivery",ollama
0f8e2790c6eb33609495046bd6b5e9f2,7edf24d26573e36b72c670b3810ab3e0,negative,quality_not_as_described,high,"Received fake, low-quality item",ollama
c2184cbf5e9469005c79e92873269011,ee72cc3828a08dc0672d88d212db3452,neutral,other,low,"Received product, thank you",ollama
17f4b0334dd46eb096d6ddc3aba43707,9b555b4c4f3028463eb59bbe1e9e9bda,negative,wrong_or_missing_item,medium,Did not receive full order,ollama
9ee665623e0db3e698cb7239a78da8e7,b8664a67156f7d886752140cd2e2e089,positive,late_delivery,low,Product arrived early,ollama
39667c168300b21e76d4d2d57d7c6802,17b46a3118a454c177670b24a615932e,neutral,other,low,"Fast delivery, good product, but expensive shipping",ollama
b1c7d1c953ea0240c9fffa45167ce0c3,dee008fbad3f3868874dd10ab5977b88,positive,other,low,Everything as agreed,ollama
bc82bc6dbc647fe56c71a0995ce3bd01,2f03dc11560f16242cd6cfbd13c05036,negative,seller_service,high,"Want to return product, doesn't meet needs",ollama
6a0aefb12d8dde4f7c09566db0fbfc53,2804400973412de4efdaf1399281199c,positive,praise,low,Very satisfied with purchase,ollama
1b701d175d9640304b300c769ec269e9,0c371b43b9718b0e9412b2b496c96178,positive,other,low,"Product correct, fast delivery",ollama
7ae7e94eb8c5ccb5f9bd8b0e4303696a,583ad689dbd7bd2d996f11aa82865ae5,negative,quality_not_as_described,high,"Received cheaper, lower quality item",ollama
183f2b5f403f933d80e3bf85ef19ee4a,d980f50000c27ca36394bcac0cc7285b,neutral,other,low,Average experience,ollama
4b01fb5f37c6d5fc4bf47b0735b07142,ddbbf91a5dc91f4757ad2ed77ab9616b,negative,wrong_or_missing_item,medium,Missing one control in order,ollama
9bfadfe86d86233428a940dff2aadda7,7d3b6596123fe1a1b6b736200bcb50b1,negative,damaged_or_defective,low,"Product back damaged, poor finish",ollama
f782e15a571b15bdc87e41b43e444d44,eaef7f919169425e4108197b3bad8065,positive,praise,low,"Product exceeded expectations, no defects",ollama
d48a25d30856d4243446933ac5a37f4b,8e9fbb6ae194c4576ae39436916dcb1f,positive,seller_service,low,Fast and efficient delivery,ollama
d0cd88f71f7d88ba9df165d515bf9c47,65a73d6e115832b01eb4de0056cafa9d,positive,seller_service,low,Product arrived as expected,ollama
95aae38ba2d04659e6c2113a76a6252d,cc6adfff0d6a6796585ca1d0901f0ea1,positive,praise,low,"Great product, excellent delivery",ollama
85dedb2c5528582dfa52a71a474989ef,a310dd02fa5c5747f8a6fdc884dc41fa,positive,praise,low,Liked product and on-time delivery,ollama
1f2585fd7bf80d82fccb97c0208778ae,0a7beb2015960a4d8c4ec8bbde5a1f5f,negative,not_received,high,Did not receive the product,ollama
1767e69a2c7bf6c9334ecf37b76b434b,570b8c11496979f54bf5bb027e86fcd2,positive,praise,low,Product is excellent,ollama
02c64b0f3a0804aa1bade0a2d3ce8992,421458b47a5a081467392d21eb42aeb4,neutral,late_delivery,low,"Late delivery, not seller's fault",ollama
a5b8eaa2899bdec6093c15ee7b15f43d,689338a5ff7fc20c596ee2695dfac8c3,positive,praise,low,Product delivered on time and as expected,ollama
3da8368232e5ea0380b662d8c835fe39,fe94f63f2f4d326a6da25bfe07ffaf93,negative,damaged_or_defective,high,"Damaged charger, not working",ollama
b98b5adfea4acc3dc7a40b7cf6ad3c1a,afee33d890fd033519fe6309de74c611,positive,praise,low,Excellent rating,ollama
298beff5d17bd8bdb84dbe7ea5b8abfd,0eb9c33251284f7417deb0b30e4f1109,positive,seller_service,low,"Secure site, perfect service",ollama
ba49cde9c4022c85fc1a48de0a3eb441,a3e9e5209110a0dcfe5b20b01e6a69e7,positive,praise,low,Very good,ollama
3848192d2a2992dfc8f8714de8cf1af3,405be8487a7fde1db0bc31ad6b08050a,positive,praise,low,Always delivered before the delivery date,ollama
7ede1fb0c7746e17e85ca0032ef8cfbe,a853e48c187e12b0d92211b4530df02b,positive,quality_not_as_described,medium,Product as described,ollama
c9ab1c686b5633e67249f04674b2e9df,3923e3ade70348985bd2ca389905cf19,positive,damaged_or_defective,medium,"Screw missing, but fixed",ollama
4cda9ea1e94472147bca46ea0b556193,56a5173d04a558bb3ad9f8b2c5901c60,negative,not_received,high,Not receiving emails with offers,ollama
a68f87b3c92594c8bd8b4ebb35303e7f,c9b4d99b4e9c827fbf0a40d2aec43d89,positive,praise,low,Products delivered well before schedule.,ollama
e0087bd92f306a0ab2b749613a54d7bb,c04fd03cc8075ac11e4d723ff4ec20a5,positive,praise,low,Fast and effective delivery.,ollama
91a7aaa7b9b524c624b052a83c76337e,794c69999774820e22c161f6dc4fef91,negative,late_delivery,medium,"Order delayed, store in bad condition.",ollama
2513b8da38cbbd303b99a77454a99265,ce59af8406c67fadb6ac3abf92db302a,positive,praise,low,Satisfied with the purchase.,ollama
9e9dc85be2c3a14c7fbfd0a14302c678,a60c6548ab8ab949bbfce006f7b8a513,neutral,other,low,"LG D300 is nice, but no Android.",ollama
7233ad6c0f10a3a0270491e741e0f3b6,57b27ed317a9d0ed3ed31b5a50392b51,positive,praise,low,Product delivered early and in perfect condition.,ollama
caa465973285df6396dd4aaff0ae6766,be8b50c8a24a137dbed81d6c202e8d64,positive,praise,low,Recommend!,ollama
a2eb7b533f294bcb58b7c2d0acc5703e,74331f5076bce90829fb2bb33e9d4fc2,negative,other,low,Wrong color for the bag strap.,ollama
d4db69e14b200cee6ff0917c722d966e,5e5e7f7a2ede19230d510a4319015e48,negative,seller_service,medium,"Good stores, but internet issue not resolved.",ollama
375288acfad43f1bdd54a92275875aa8,64cfbc6d10f3a5091889f0fab6233167,positive,quality_not_as_described,low,"Product delivered early, quality surprised, small defect on film.",ollama
11788b94782c5ecc5ac1da880a45f556,341279a01a590f7c1f08a7ba841d2161,positive,praise,low,"Very good, arrived before promised date.",ollama
dab10d7c18a8cfd71a4d5cef08ddd05d,37073d851c3f30deebe598e5a586bdbd,neutral,not_received,high,"Still haven't received the product, stuck in Passo Fundo.",ollama
c49f8ca7175b35fe1c3eb029cd4ed6b9,43698bc1371b83853814e6a6afcc89f8,positive,praise,low,Beautiful frames... Arrived on time...,ollama
92b49c890c2069c32f316cfcbae8ffd4,1c07c0999a3f88b8c1b95e9a07cf5564,positive,quality_not_as_described,low,Product delivered on time. Excellent as specified.,ollama
6ca19a684dc0755d6ba6c2b50bc734fc,600da00a0c6505a2831ecb9b7ca18c7e,positive,praise,low,Great product as desired.,ollama
f9f7d62eea51ea46f5d5a842d74f9c9b,8b39b1a490a2cc8906ec4b08ef88a40c,positive,seller_service,low,"Correct product, well packaged and delivered earlier than indicated. Recommend!",ollama
c90e7456350c34d6f0e010db5868f14d,f988c07fa4d593fb4b01e5990cb51c6b,positive,quality_not_as_described,low,Everything correct as described,ollama
4924cdeb79a2aa7f1507eb78e8a63100,541bb2ccd254b84fbaabf01e82324cb0,negative,damaged_or_defective,high,"Poor quality, will be returning the product.",ollama
01e55995b828eb9eac03aa16f1a88663,8dae9d1421512248b0b7113ec0d7554a,positive,praise,low,"Excellent product, sealed and arrived before the deadline.",ollama
c6c71c21a276a1943bf5f1adac565d23,812b6f6a1efbfa5beae8ac07617fa0c3,neutral,other,low,Only didn't understand why I had to pick up at the post office!,ollama
aad756a767d836b509f8a53147bfa370,bb22b1f374b71ea416e466ba7ff99cea,negative,wrong_or_missing_item,high,"Wrong item sent, Super King not received",ollama
c82439369cc28c97ffa65c6fc56bd2d2,1faeebbb8849914b3239b29fdc45492a,neutral,seller_service,low,"Correct item, wrong name on invoice",ollama
a7d2757f0b8c8a86bb53c8956df92e40,20406ee2d530e69d8cbbb87409cc609f,negative,quality_not_as_described,medium,Incorrect color of delivered blankets,ollama
143182d7d7f6b4d9c06f12f1215b4d98,3c7bea0b3fdeab82f1c819c75c5da223,negative,seller_service,high,"Poor service, no response to inquiries",ollama
a30b3d77c8e7f0858f29b8e712fe384f,e9a1f1bac2a48afae0dbe612a3aa684b,neutral,other,low,"Product received, no issues",ollama
f07030d29df4fdb495c6207fec51be1b,41d3c3f700ca5ccd7c9068d16f4a4821,positive,quality_not_as_described,low,"Good quality, soft case",ollama
d885e62048b8fb6c6d2745aa92dfefff,db1c88d4bd1bcbbdb71dae0d17198fc0,neutral,other,low,Everything okay,ollama
6217fb5bbfd21073a74bce0d81e7e47b,a512132380fbd3ae24feca8ee9512efa,negative,wrong_or_missing_item,high,"Missing item, no response",ollama
61a6cd0c6f7c9cd5544b488cf41b0c6d,40f1d14481f5e228f099414befcddb1a,neutral,late_delivery,low,Delivery took longer than expected,ollama
2d0557b8366910fd82f0bcde6ea41fc8,3a47466ddf60f686bf60e6cc66ed45aa,positive,other,low,"Early delivery, no issues",ollama
1a8260d7ca17779c0cb18dc4fe2a7a44,e7a5701bb4e7ef276c46b8bc82100d14,negative,late_delivery,medium,"Long delivery time, expensive shipping",ollama
c7e123c98e69c3b61a652f4826f7a799,adb4641524ad981f9ab1886ee54977c7,positive,praise,low,"Great product, good size",ollama
eebe6517f59f24550c42202eb8f68679,b98e8b817c1d851dfd3c4f36e5713c3c,neutral,late_delivery,low,"Good, but slow delivery",ollama
c4085f9bba377e18eb5385d7184bb23a,54b267f79786d7ac585ab0aac88d6da6,negative,not_received,high,Did not receive the order,ollama
55e3dd2d06d80488995a55e16f3b242a,37eaffe47310b5a7dc35775863202a0b,positive,quality_not_as_described,low,"Perfect product, as expected",ollama
63db05221b73fc3d853cc3020457a0b0,d7d7c211bef169faf83515ce6e8294ea,positive,seller_service,medium,"Broken product, but seller was helpful",ollama
30fe371caf618181a6a5180d076e83fc,f6956fd0c7b151f0441f43f7bc6eab81,negative,late_delivery,high,"No delivery, cancel order",ollama
76819285580691b11de8fcf55c74f7ed,04a1e228e53006582fabe65a7767258c,positive,seller_service,low,"Good delivery, well packed",ollama
44f6529bc33cb709b8b4b49589387395,38da3029219c1f40f3eaaae897430c3f,neutral,late_delivery,low,Delivered before deadline,ollama
3ab04ab4ec3945e085b564ef4e2f04fe,c95e5fb0ca685ee52a7db232285bf70e,positive,late_delivery,low,Delivered early,ollama
fda28bc26b616ac651b86dacf5fc9646,15f90e8c1633db2288d96c9338c302b6,negative,quality_not_as_described,high,"Plastic like garbage bag, not PVC as described",ollama
27ba5e7f4fb966a3caaae8c0a3a208b7,0072847849eafe70995fa51a714c81ac,positive,praise,low,"Excellent product, highly praised",ollama
3472e3349865b455aff7708d544a7eb5,a8f3236d399cdf5f80c6ea3866b24ef0,positive,praise,low,"Excellent product, quick delivery",ollama
5af12bbee3584c5a861f916922bf1815,9a0997c7958188cc3759a1694a1954a8,negative,damaged_or_defective,high,"Product arrived damaged, no response from seller",ollama
d4333b3321012c1bfa9049bc9c3ba77e,a76350c88470281e23e8fb2a32fecd2e,neutral,other,low,Product delivered in perfect condition,ollama
29aaf763d139f325574aa24b37713c42,b75a6018e7dd4580ea41116341ec362f,negative,damaged_or_defective,high,"Product arrived with a tear, seems used",ollama
9f642a55932d21d42cb4681ee0aff6cb,de779f93dc5f7dd9ac51b22380685ae5,negative,not_received,high,Did not receive the product,ollama
4c4bc2df56b20a1bc3749622240a427f,a92733241b636a8ffddd05c56714d32d,positive,praise,low,Excellent product,ollama
2552c60ae7cf68d7889635d728d49983,e31702cc8c72b6d9b834ae3b7904ea4f,positive,praise,low,Excellent product,ollama
9186528ccedb8a7a71d5e3fed0cdf71b,47d8487055416af863e81cb7f28f4f19,positive,seller_service,low,"Perfect service, highly recommended",ollama
8949824dcc5f1e3073f66da21c6f0825,856f72462f5bbc588c10c3abce3a8545,positive,praise,low,Great product,ollama
c893e4fbbf5956ea76041743cb0b4cba,eb1d0d94d6bc790ec20faa649d68f58e,positive,praise,low,"Efficient purchase, satisfied",ollama
542003add7b711b9b59e592a83c0c174,a4de5b1662f4c05fc162558437fa96ae,positive,praise,low,Everything okay,ollama
fa3a0466160cb07b1be94fc2ed457c78,697bfc21e6f74cfda0eed559272c2afe,neutral,other,low,"Works well, no Japanese greetings",ollama
3c0d6d013cc905f23fd9aa46b1f76bf6,2e180902a7c09965877711c287097421,neutral,other,low,Suggest cheaper shipping,ollama
daef83927ba1c9c0fd7cd8ba3fdc978e,9fcb5798168a0661c0dec96bf0682e92,negative,wrong_or_missing_item,medium,Missing baby conforto,ollama
dd1fead0c9bd807327b5c4349e8508cd,4fd76322a41e4921f6a46978633a8011,negative,wrong_or_missing_item,medium,Missing product in order,ollama
f6bad2d14004bdb8afa165b438e7da17,8863958cd300b0b2cfb1b8db3326dd38,negative,not_received,high,"Cancelled, want another boleto",ollama
210cc4bb9a1991d55f881d3c59aac6d7,0fe9c7ad9288ff24bb738af81a27ef4d,positive,praise,low,Very comfortable and pretty,ollama
11650e3cd3b71645251f426007fc7f9d,0c55bc7181a82565bc9da1e2842c84c7,positive,praise,low,Very good,ollama
b1a9145252ce6d51033001d9647d485c,d6a55340021ebcaf3b321d5a34c6c31e,negative,late_delivery,medium,Late and didn't arrive.,ollama
e031227805e92ef1e3d9a114fee7adf6,f492adf6fc3491e8dc0076c2383e6afa,positive,other,low,Fast delivery. Good value for money.,ollama
411772e8d6877c4fe7ba72def9f563be,371f13dd168ce30a881e0db8cf3929fb,positive,praise,low,Loved the rug.,ollama
5cb8fc00bd3285470996eb4a945f2d6b,db5be41fbd2f5f305ddc8ca9c3dc473e,negative,quality_not_as_described,low,Not the same as described. Good value.,ollama
a6e716b7e64ef6d75ebdee9ca8d965ce,5b361f79a49d353fe005273cc5dd725d,negative,not_received,high,Did not receive order.,ollama
7899e3ed10b4e62adf34c632a463e68b,e10b36804f91a77995a7a1f3b5454f24,negative,seller_service,high,Not delivered on time. No response.,ollama
9985569a0e2aa015189f5ce90c7cc374,0ef7736059e491311b0cc6bd02ca40a6,positive,other,low,"Good quality, on time.",ollama
de8c7c101a98b60d733e9f6a61331659,c0980db7048da7ab8724b3d733cdc449,positive,praise,low,Great.,ollama
bcb20a21f6925aaa0e084fff9fd35875,4a64a2d2b19e0614a3a20d705d5d9c56,positive,other,low,"Good quality, on time! Satisfied.",ollama
4d8722a53fd2283b12efc89459e1613f,59a98d09bcae9400968b67411edc5840,positive,praise,low,Recommended.,ollama
cc73829ecb5665c266752d47949fa17e,4fe900d6fa9492ee36b17a34cef5d7ad,positive,quality_not_as_described,low,"Product arrived on time, as expected.",ollama
6083a0b5c27d3f8e2306bda47907e2d6,f12ef7eed107de3791b1db5b8cd4852b,negative,wrong_or_missing_item,medium,Received wrong color,ollama
53bbc6d11dc002f049b57330096e024b,785b7455ab5bec2f5e04de3cf829209d,neutral,praise,low,Highly recommend,ollama
fb4407169e38ddf9ba113a277a859545,bcd1f5bd3d7c694c6e68bd6b5e7f24a4,negative,late_delivery,high,"Delivery not made, now need to go to post office",ollama
8a99d0aa42e8fabf3b4a8c90dee8bf03,737a2768fd261ef8391251a0ccbf150a,negative,seller_service,high,"Extorno taking too long, will never buy from here again",ollama
b05c343c9856e8306269886063e7de7a,b6658ba6ace73d4a24ff0b48662ec452,positive,quality_not_as_described,low,Product as advertised,ollama
39e56e2aa109f3baf43c62ff530bd06c,e67ded764ce696c9991013d2bb481794,neutral,late_delivery,low,Suggest reducing delivery time,ollama
6cf37d4d7b57b40e76c160adfeded390,f7304a98cc4161f1b8e3e05fdfb6b644,positive,late_delivery,low,Delivered before deadline,ollama
3519a1fd276947acbb122de6ab0fd6fb,7e5d5dc04eaf1bb91b39e57967646eaf,neutral,praise,low,"Love shopping here, good quality, fast delivery",ollama
b99cd2fb63c1253f87b4bdc16ae4c9ef,5ddeb5159e6cdaa562843c1e6b32ba84,neutral,late_delivery,low,"Website update affected delivery time, but received same day",ollama
e7342b6eef784534810cb30d6e8b94d9,4d2e19ae56a1a07f7e506913229d76fa,neutral,other,low,Legal,ollama
47449c33a2de6713e32eba9ad1fd4ccd,92062aeb70a6b30e71bfecc239c24a4c,positive,quality_not_as_described,low,"Good quality, on time",ollama
ffda963529fcb525067c642cf666b175,5fb90fed46dfc44305e1c3ecb5f16a2d,positive,seller_service,low,Excellent service,ollama
d47135a1f352b85495ab09b88d458669,1bc7db82fdfd333b6bc74fa6643c694b,negative,not_received,high,"Not received, delayed",ollama
2a5c65c80787fb6b578dbf78ea1fab21,985a676d446985001ace3f3768cfbf38,positive,quality_not_as_described,low,"Good quality, liked it",ollama
b011936503e9f06b93518be2bb0df11d,829c29b2306beafb02c306ffba041e8d,positive,praise,low,"Love the cloth, very good",ollama
4ff9a24999699f7104ed23fec2563351,00130c0eee84a3d909e75bc08c5c3ca1,positive,seller_service,low,"Good service, fast delivery",ollama
8e4bd70f0443a6d82091fa956bb56a3e,f33804414861bfaca84228b749e3085b,negative,late_delivery,high,"Promised 24h, took 168h",ollama
010dee2561f001de52b24b0dc078c28b,a7080883a07c0f23d07ccb99214a53e8,negative,quality_not_as_described,medium,"Misleading information, different from website",ollama
878192013fb1e9c451c6874243c9b90e,9170aebe7b37a53bea1f29d91488b0fc,negative,quality_not_as_described,medium,Product quality differs from description,ollama
c8a7db4cda86160a9be40b85f728692b,6951ff62555bae27cada94716835c9fa,positive,praise,low,Love buying from Lannister stores. Great quality products.,ollama
1f55a9b6196ba46099b4b1a71d983e91,07bebda8aee4b9a600d9c2c1a73f93a5,neutral,other,low,No issues with previous purchases.,ollama
68348a0d08a1a74c6ca777b2b8d4fe14,6f12e75904fc81f10212ce38a363946e,positive,seller_service,low,Very good. Delivered on time.,ollama
a9a0f33f4aab1b9f30d024632a0c5dce,5c5dbf7439be3806b599476ff0264276,positive,quality_not_as_described,low,Fast delivery. Excellent finish. Beautiful.,ollama
397f474ecb47de228513a9d78be43abc,e27d61d435972fe5632bbfcdee617adf,neutral,not_received,high,Still haven't received the product. Delivery delayed.,ollama
9c77e12a2b1aba2a86e7c1af7700ff8c,897885c5e0c8df643675e163c1af79f8,neutral,late_delivery,medium,Delivered on time.,ollama
f2b108c5d11272b82ad5a4df7e65b251,7948985f993a3dba42989d5ffef9435d,positive,seller_service,low,Relatively fast and safe delivery. Item intact.,ollama
986c98411cd88db4d6cbd762d1c15299,48ba3085b546be02a30dc763f2e3215e,neutral,other,medium,Husband received it. Checking when it arrives.,ollama
a12343b51ffdede1499fdd99422026dd,91c3ea3f720dd9cc12b762347379b0eb,positive,quality_not_as_described,low,Very satisfied. Arrived before the deadline.,ollama
7fd6b41ff07c831d31a7fea0e0d66b56,a6055e208086fe169c0a0f191b43445c,positive,praise,low,Excellent!,ollama
a71f2d7b78d79dbb6d4dcd6af2be69a2,5a8badb776e5585c274fe19201012249,negative,late_delivery,medium,Delivery by post is terrible.,ollama
ed9d8647a150ec10df0c85513200bdd2,0c162a9eb881c1a8a2e5bcec41cd2cfd,neutral,quality_not_as_described,low,Towels are finer than expected but still good for unexpected guests.,ollama
46cfc9f9acd1baf52fee36a55b9851da,5bdc8e61065c6a340cb4a89376bdac89,neutral,late_delivery,medium,Product arrived correctly but late.,ollama
48c90119efa0a0367568700cd532c536,f1450c491bd196d4089076234a1b5cae,positive,praise,low,Excellent product.,ollama
ea40a487835053f0f580706b64f6a7b1,b888a76fea30e300ec8c6c53d8033583,positive,praise,low,Very satisfied.,ollama
504269594dddd8cf833b6f165f266bb0,db0dca3813088a91aa97aaa8dfeadd9c,negative,damaged_or_defective,low,"Poor finish, with scratches.",ollama
4fb1aef3d4bd6462d6197d0da18b5543,da532fc1a4b9307f2d351689f9e39a4d,positive,praise,low,Great lighting and loud buzzer.,ollama
8b719fde61c963ed8ad6dd602afafcf5,0a32919eaa38cf81a09bb4cd2ca383df,neutral,quality_not_as_described,low,"Product as expected, on time.",ollama
2f85e0a149ced94af2d778e0b8d41ee4,0fb0e71d92a103ce203e4b32be458d9b,positive,praise,low,"Great product, easy to replace.",ollama
f90b9bfb15c67ea46b28951931e8f761,6a29338a1333f4ea8fbfeb6653e516ba,positive,seller_service,low,Perfect service.,ollama
7f7bf3e21326b7fd70fa03e393e9dcdb,65492cb556d99eb900c65a4ff79fd3c4,positive,praise,low,"Very satisfied, quick delivery",ollama
5ad171e2befd146aac220f83acc3e019,668806d98daef95d0b00c461c8c4afc3,negative,wrong_or_missing_item,medium,Curtains missing parts,ollama
e7f57fe3de9309cbbfc1cef83d640a4d,5c97cc0de518333940b05d3c09558004,positive,praise,low,"Great product, fast delivery",ollama
04aa4b69f8cb548a385319d0c90642ac,9a22906fa846451c54fca825591c0577,positive,praise,low,"Early delivery, easy to assemble",ollama
989b3bb8eda22c1a26ff318e0ed0e853,351c9272da4d3af9d74d3b30ee84cdde,negative,wrong_or_missing_item,medium,Wrong model received,ollama
a34592b61bdb833a760839efc2179a56,079aa97bd14929502e11d87d14790792,positive,other,low,"Everything okay, on time",ollama
0995741bb8ec3ea17be2e39d384a3a5b,0d5ce32fbaa548555dac4bee840d7705,negative,late_delivery,high,Very late delivery,ollama
370020f6c53f71b71e6e0edb678d410c,da3c95552f6afd61ddc95ce17dc71606,positive,praise,low,"Early delivery, thank you",ollama
e84d0b1e4d14a7811909d1c7f9256f6d,638c43326cd8c7403a2bf818e46b779e,neutral,other,low,Thank you,ollama
1a393495bf6472d5ee440d0d12099f98,dc8211dc85eb0da6c9f3155218cb4113,positive,praise,low,Liked the product,ollama
0bff53c1cb1a70f97891b10ed11d7a28,6471b260244ab316f8331321d689aff8,positive,praise,low,"Loved the rug, very beautiful",ollama
f350d0a669bbcbe05b0c86749a0da17c,3e6c47c1a5871e1a0280ff8bf3a236c2,positive,seller_service,low,"Safe site, fast delivery, no damage",ollama
812a620f03fcf1ce62d49c186871be64,5186d475bd6d5839473d5a6b8669638b,negative,wrong_or_missing_item,high,Wrong product received,ollama
498f94d1fd19f6efc496f80999b1cfae,9611397da79fc7abde6547d329ba3f33,positive,seller_service,low,"Fast delivery, product as requested",ollama
6a77cc0070c684ec0d7356d0d156ecba,0de15ac1caf4268ed3340cf0473c1d16,positive,seller_service,low,"Fast delivery, product as requested, highly recommend",ollama
a1720e332e04e1a5c51fd64ee9e19458,2ce016258780a25ea0247d80ab0d7d08,negative,not_received,high,"Did not receive product, unsatisfied",ollama
8197d24aad138c7f69d977d72a0c0391,9ca50b76560450ccce4c7e5c31d9de58,positive,late_delivery,low,"Good product, on time delivery",ollama
3db7672dcbd734083398b36b663f09e8,649a1e8e34e85fc2892b907e6bf7ddb3,negative,damaged_or_defective,high,"Fake product, refused, want refund",ollama
731850d804b4de111c5697a09e8c1805,c5a304a759ea5ac20be4dbacd15696cb,positive,seller_service,low,"Fast delivery, recommend",ollama
f828accf05b442cf36602d4953ce69c5,1daac984799baadc362aa381ac57d65f,positive,seller_service,low,"Good product, on time delivery",ollama
0cd25123ee693761394d2487b0fa3cc4,09fe6a53d51c53e7961252621989b67c,positive,quality_not_as_described,low,Good quality and product as described.,ollama
b728dbd7a537a31d797d4230e42fcf75,67a05eb1a593433184f324fbf217cca2,positive,praise,low,Good prices and correct delivery.,ollama
77b046b9fa3b97a30503d023dbc818af,4188e271c401875d724b4e9ee6fe7206,negative,not_received,high,"Order not received, urgent response needed.",ollama
f0adde0530cf39af28b8c82fc950c9fd,cb418bb4b6115438d20b0141ed5bc9e0,negative,wrong_or_missing_item,medium,"Missing item, waiting for response.",ollama
b388a8a31113f75113cd495d8ef977c7,fa10e2525a383d23880eef7f85d6945f,positive,praise,low,Very good product.,ollama
937e357a8bb6dbf45aabfb208b79fbce,96acc057158c055d3508b8379df12cea,positive,praise,low,Fast delivery and good products.,ollama
c27c301777803a6c53b4306aa298bfbd,4cae9d93ca1f1266e9ddfc79f7ff85db,positive,other,low,Love buying from Lannister stores.,ollama
fdb441eb0516d0101f2781017c896c37,14fa05104e2d0b8b2fc25c074c5740fb,positive,other,low,"Everything as agreed, no issues.",ollama
ce6ff409660780dbb033b469b6cab5bb,c578990a35c5b8748fcd389179d04326,negative,wrong_or_missing_item,medium,"Wrong item delivered, not what I ordered.",ollama
84ba54a5272098bb5ec04faf1ac653ec,3522a71840bea6bd1cd78ae529622ff4,positive,late_delivery,low,"Late delivery, but still recommend.",ollama
a074a7b17119653287035cfbcbac4b7c,662c204ba347d430c0fc3a5df267478f,negative,damaged_or_defective,high,"Received, poor packaging, wheels don't work, defective",ollama
8a29b4769bc1f571ce6d98235b87df55,e67084522c92fecab73ff064333c4d62,positive,praise,low,"Very satisfied, recommend, happy with purchase",ollama
9143fc8ec8e5e0d52aa99fc68c038c99,28d14a9fb1c0c5e0667fd9ed3834eb5e,positive,quality_not_as_described,low,"Very good, would recommend, delivered early",ollama
42b11d8401b96a53b3e2a1818f968f88,08636a3fcd5c2b3e957b9b8c6ac8ecd9,positive,late_delivery,medium,Delivery over 10 days early,ollama
fed8e464763de78a53611456d504ad39,cd0e2c76047beea6ab6baefcaddb7de2,positive,praise,low,Loved everything,ollama
e6d28d1f1517fce2f3c18f5dd296699a,734a3c56683a8a7dcb4cf7f92319d101,positive,praise,low,"Beautiful watch, highly recommend",ollama
79fbd9f73b9b4a6cf4d76ececa46122e,b4accb9267acaa3fa236556695bc497d,neutral,late_delivery,low,Product delivered quickly,ollama
d0566269d49367435f97388c8e560326,24e7eb8286ce5ef529b9fcc4fe92ecb1,positive,seller_service,low,"Great store, can buy here, rating 10",ollama
58c99663b322a9417b8d376a4994db25,7110f0eeece3a706f92c964efb204e57,positive,other,low,Needed exactly what I was looking for,ollama
2bae21a6ac9c6567db8068487bf3235d,df61cd26aece2f40eb66883de3a81e1f,negative,not_received,high,Product hasn't arrived yet,ollama
ec0cbc2413a60c4df24f571dd65fd5a1,30195b7c75a04ab7dcea9f845891703b,negative,quality_not_as_described,high,"Product expired, poorly packaged, refused",ollama
a0fab655f2d6f38b0b27137e469fd00b,7d42eb0f5a0a60cb5b96a044a3fb4668,neutral,quality_not_as_described,low,"Works but fragile, cheap quality",ollama
484fd29f3983ccbef7ef6cb1f029b552,3443b7575b141322b9be5ea9ba71188c,neutral,not_received,high,Still haven't received the item,ollama
492d69b4cdb03d9222aa6516eb72ca87,c1ecc1e54515cde540ca84bb519839b1,negative,not_received,high,"Did not receive, requested refund",ollama
bbda0f82a8660bd24aeb546c0ad6517b,55965253f02e0f625cfd4efb9c0f4178,neutral,late_delivery,medium,Still waiting for delivery,ollama
48df825d3e1d18c88951706e5860692f,64ba433f9d86e1df4e9cb86b1a3884d1,positive,praise,low,"Received early, good value",ollama
6ea417ccc55b47134a0c83da99003c44,3082f4b582ef439cf6f04f2256ef546f,negative,wrong_or_missing_item,medium,Missing parts for installation,ollama
2f40304a929f8e55702a1f25dbe7f029,e32a3048899c0e892845b12e78d039f5,negative,damaged_or_defective,high,"Sent expired product, no response",ollama
1e58afcac4d739156cab62746ae37e4a,9737e3c834c45ffbacf7736192be7d0c,positive,praise,low,Beautiful frames,ollama
3d73bb322d552c4279e33cc4a1273258,125065dcda5fb5549b43a1ce085bec63,negative,late_delivery,medium,"Website not updating, received unexpectedly",ollama
53d72db9267a9aad45908c26d986a790,f70f315a383a7e0d4f253107b5b34173,negative,wrong_or_missing_item,high,"Received unembalaged, different from original.",ollama
3f71ee62eb5acdc9b5121f6d99901583,e2f6cc7f7084110fd5473cfdae918307,positive,praise,low,Very satisfied.,ollama
132d34e8ff48d164c0512b8c63dfceb0,8f08b9fbb16d480bcb3c53db1eaf49da,positive,late_delivery,low,"Delivered in 1 day, faster than expected.",ollama
63f52661d616df41166b2c916db628f6,61edec4c7086a5383dc4f5e6fca69e9b,negative,wrong_or_missing_item,high,Only received 1 of 2 products.,ollama
3c33ae6190937c63dff9fa81950f67d6,f4b2e1f6d7efad219764d0da00936947,neutral,other,low,As requested.,ollama
04df66564d6b34f0008b7393cf7f5e72,a9ada7abcca958b99713b0cf42dc5c4c,negative,damaged_or_defective,high,"Product arrived broken, need to exchange.",ollama
c9e03ecc223c988af44b24b8d49e1e42,6e15b44afc42ba31c4eb67e967a3bf4b,negative,damaged_or_defective,high,"Table with defects, mismatched legs, missing screws.",ollama
590791efc9abc3a4c75687d9321e45c2,9c7cad7063cd09133cd0e5a5ee540de3,negative,quality_not_as_described,medium,"Buttons are weak, don't close properly.",ollama
e107466338dde61c296a4eb500371618,649caa9b6696d9b2bca095239ecaa00f,positive,other,low,"Product correct, recommend to all.",ollama
d9f7925c359fce77256101b763b012b3,f79be098ac7bd8ee0c272aa8f6b61d50,negative,quality_not_as_described,medium,"Received blue bag, ordered white",ollama
51eacc441491f05e7055643ddadc974a,b7a592c88818dcacf25f151e67f0bd8c,positive,praise,low,Satisfied with the product.,ollama
d782cb0ae5ee51ff3c1aee13ca014c6f,3744be9febaa00625c2791f629fb2ec8,positive,praise,low,Fast and good quality product.,ollama
8e648ed11117d50aafb02577cb725dff,0e4741898160da1b1060a7f9c346547a,positive,praise,low,Quick delivery and beautiful curtain.,ollama
d037744a954bfdb5a95d23dc5e09981d,13c74d230cafe0e3552cf45c74ed0ef4,neutral,other,low,"Using the product, hoping for good results.",ollama
eac7814ce5ed6ceeb60070eade7749c6,359a6c8d5dfa54332e03367d0da42034,positive,praise,low,"Good quality product, delivered on time.",ollama
d86c72b6a8b7e092977fb19b444c7530,132f21680dc8ddaecc8b954cefc515b9,negative,wrong_or_missing_item,high,"Sold out of stock, not recommended.",ollama
0dde1599f81649acd5ef0fdb49b0cf21,4a1a527ff317ce92a076fa6aed06508d,positive,other,low,Delivered before the expected date.,ollama
d9c067a4cc794e5c4541119545522902,15da85d19161f01ef880f55143598cdc,positive,praise,low,"Recommended, good products, quick delivery, good service.",ollama
d10bf915c8041a1d95cdce3db9b7e322,2411e5019928e883d049f7242362c23b,negative,not_received,high,"Product out of stock, delivery canceled.",ollama
f90abffd824e5db3745fb0a1268d1c76,1089d5a6448a4ce3e457e66fea34ab1b,positive,praise,low,Recommended product,ollama
46667e6f5c3949f1854dc00d1edbc969,8c695ffcf56400764176fd1789ec7fa2,negative,seller_service,medium,Customer unhappy with first bad experience,ollama
5bed105c6756af72c550e78d4e9bcba7,63c10abe3e4a1cfbeda3cdde88766893,negative,not_received,high,"Customer not received order, waiting for response",ollama
31cac050cf78fac6c0bb0b3298ca4b1f,4660bb9edc05ee0d35c8aeaa896f3300,positive,praise,low,"Customer loved everything, very good",ollama
12f226601192062b644b158e0af9e723,b636037a882bd588f102f9f3fc29b2ca,positive,quality_not_as_described,low,"Perfect product, fast delivery, very satisfied",ollama
a0d359668400fb0f2d34c63f6c8f0726,1b0577d71cd408c29c2fe1c9ec939056,negative,wrong_or_missing_item,medium,"Customer bought same product from different store, didn't receive",ollama
dacedf5dd38d2c884279a4535223cbfc,26ba119cb1ecc9d4a697d0c6e077b88e,neutral,other,low,Order fulfilled as expected,ollama
aa49687654da3c573f0319a7cc6e7675,091a28ca837aa39b709aa41c0ca3d24a,positive,praise,low,Good negotiation,ollama
9a6614162d285301aa3ef6de4be75265,5741ea1f91b5fbab2bd2dc653a5b5099,positive,praise,low,Responsible store,ollama
2e54a817bf6f02e77b1210fb2dc2ee65,853847abbd6dd9c640113b42c3f10cf5,positive,quality_not_as_described,low,"Recommended, bought more after risk",ollama
7cc3c8b6f41c79e2b400ffc39243ed42,6045e16eec7cff271b49029f6a84fb62,positive,quality_not_as_described,low,"Excellent product, delivered before deadline",ollama
a16297a5874a277b85dde1913e13fb92,c14d2e12b876b00738f6c4ae6329e1dc,negative,damaged_or_defective,high,"Product arrived broken, doesn't work",ollama
0daf63f26d677362fe43acc8fbe16b08,f12e95396a91baaadc20348d68728946,positive,praise,low,Liked the purchase,ollama
ea9662b9a368e2441a096b94f23e0794,e12f5458c6b4f349a97fbf22e08d17ac,positive,praise,low,Very good to buy with you,ollama
07f56dddf2370fd5663d8bc9bc14cc73,e0f3cd25b704e2b54b5837d443087ba2,positive,other,low,Product delivered on time and without issues,ollama
91de7da06aa7772a56afe4f7f88b9dc5,77af320be1815e066c2ac8510e9402b6,positive,praise,low,Great,ollama
d3c62500417e7eeab7c6ac2151b67357,301b453872955e08f7aed322d6a0753a,neutral,other,low,"Good leather wallet, well made",ollama
3a8ff86ce1079a5f8464b95b394568ca,989b7ba45085e6ea528e597dafb40f99,negative,not_received,high,"Did not receive, missing item",ollama
68da8c0b251599be554dea4e46b98197,d355c1d4bd77e3cd62085deff064434a,negative,wrong_or_missing_item,medium,Sent a completely different chandelier,ollama
f18f157f156e1966d869ee8ea7311bf7,325c8590cc232d3faa8e49c293e7ea2c,negative,wrong_or_missing_item,medium,"Only received one ring, wrong size",ollama
6dd1a96a6fcaf5e03978f41015e04d85,4d4533e0d6931b2344cf5711561dd7fd,positive,praise,low,Recommended,ollama
769f489559ab6a993674da69a2dcc36d,6308c76f73aa96e67cfa22c69f99a067,positive,other,low,Delivery was very fast.,ollama
d61e8b827c8dd98eceb79587b52f031b,f50c508e5c3935a9cb46f735e630d88a,neutral,other,low,Product arrived just fine.,ollama
69074582b3f4c2075f387fa7df12614a,e7e206c19879bfaf67b74f8a8740b21e,negative,quality_not_as_described,low,"Poor quality, bad finish.",ollama
12ef9b8a49d2f5a80dde1573e24d0dbe,96e78a16640bdff7370dd73cb821fc01,negative,seller_service,high,"Want money back, no support.",ollama
c21f1718d8a4c69d377ce82a79d51c42,f54a5247270f147891511428c087773e,negative,seller_service,high,"Cancelled order, no support.",ollama
307bce3b89c0790374d298fa5b4156cd,5f24553283f2c7a74869675a02035bd7,positive,praise,low,"Excellent product, delivery on point.",ollama
1d3bede39ce70e44f6236cdaa79f0b06,184470638d1eed17dd8215b62c63221d,negative,not_received,high,"Did not receive product, lost trust.",ollama
4ca66d8e5069b17ec0b3abe0746ff2e8,293a75c86f46c5eb1f8499b81035957b,positive,other,low,"Very good product, durable material.",ollama
253be13de799f51278831416d9b8354c,bb1cb0653f2664a83f30a4bc0b483f94,negative,not_received,medium,Still don't know where my product went.,ollama
c9a026e699be6426bdc58731e6eec225,87ae60ef8b08ae0e5f903cacb53a6904,negative,wrong_or_missing_item,medium,"Wrong product delivered, waiting for exchange.",ollama
5fe75e4e6d3c57e8b7fc372d9938880c,068027bd6fbd44e949cfb70acad89b55,positive,quality_not_as_described,low,"Great product, lasts all day",ollama
83ee241505c654618e5db39315635866,ce36e42594655aedf39e28e6b2672d95,positive,praise,low,Great product,ollama
40ff631b27322f0d881a87477be378ac,dda427569144edf4a458f8fed9d5ca4a,positive,praise,low,"Thanks, will recommend",ollama
564b5f0bdafcacecfca76bfe99771d3a,a27942f622b629d0c6fcc5245689454e,positive,praise,low,Really liked it!,ollama
2835a22ded67ac2510d2b5c5cb3e2128,b90846dbd50e328b0a1b6be47a8e2c0b,positive,quality_not_as_described,low,"Satisfied, quality product",ollama
272fe1688ca80843e9aba960d86bf7f2,7f685e08cef9cb9c0d7dfff90ece93d9,negative,wrong_or_missing_item,medium,Missing item in order,ollama
bf181318fe69d9dd4c17ae6282303748,146bc27ff71043a6ace37bd4dec7b754,negative,quality_not_as_described,high,"Poor quality, not as expected",ollama
ef96505fe73485cccd859ff2e262b897,af7ae6bafcf0885e40e8c5fd1ef4c745,positive,quality_not_as_described,low,"Great delivery, amazing perfume",ollama
b6e92837a785c546fdd68aefed24016a,8bca89b4311c48e6e6a22acd5cebd242,positive,quality_not_as_described,low,"Very satisfied, great delivery",ollama
a59f289f3d24c50d3e257986ae6dc5ec,710f0ad82f53b85ba2348698d18c89db,positive,praise,low,Recommend,ollama
ec5f039382428fdc16cc91b18334ead0,1ee4d0544d11c277367d2df9c25ae406,positive,late_delivery,low,Delivery before expected date,ollama
eb178541d0e2c277e74312c6679be384,ec6973ff08c168f0376770d9eed25eb9,neutral,other,low,Everything okay as agreed,ollama
ccd1c6d1cc11156d16bba5af1f0bee04,48ac32ed1e21461290225e95370ff81e,negative,wrong_or_missing_item,medium,Missing screws and nuts,ollama
29dabeb58406ab32d7d1d6723c6a9742,a6dfab363a9e239287c4b1e3c275fb93,positive,praise,low,Very happy with my purchase,ollama
583f4fe7db90cfac1257550dd50d60b9,f36d049775f796795ad32ae00310ee97,neutral,other,low,In testing phase,ollama
8cb0fce73190d6aa1872be4099d5ffd2,005e5166e99d1e4d0c4f808b0540ba94,negative,not_received,high,Product not yet delivered,ollama
9e30f5171966b0274b55e284c4552f8d,30aa5b276c1c261045daa747b8f24ffa,negative,wrong_or_missing_item,medium,Missing portable charger,ollama
cc513903c510831d8790cc2068bae246,9a7e84a8e7529c1027405b02b74fe068,negative,wrong_or_missing_item,medium,Second time buying similar trash can,ollama
debe928e24f668392f3887a40456d900,713036f22edb8c69c825dc2d0786056a,positive,quality_not_as_described,low,Product delivered on time with quality,ollama
1397863386a165b4cefef5ad335bea97,093c11a6b12993f96cb7eaa348a3cd09,positive,praise,low,"Very happy with my purchase, arrived early",ollama
ed7d32b26fc37f5954ad82ee7db63ed4,170dcd772ea4f51c3a859f9beef5d297,negative,quality_not_as_described,low,"Thin carpet, poor quality.",ollama
faeda3091a1a05a46afb90958c9aba9e,40882c452ec4e7cc53c1a084173f79a5,positive,praise,low,Extremely satisfied with the service.,ollama
790248212cf5ea91cfb50e301de05e76,1f643298de39c374e3ad4e4838d156c1,positive,other,low,Delivery on time. Product very good.,ollama
8113fac870c3093860e8deeac2ef8520,ad926ae0ce086bc0ae23f92128253ede,positive,other,low,On time delivery.,ollama
996e808c4368a9085838cca277684daf,6f103e04419629871125495a575f26f7,positive,other,low,"Product in perfect condition, on time delivery.",ollama
6e2e708cf22ce71fc6c89bde34e36a06,f60ce04ff8060152c83c7c97e246d6a8,negative,not_received,high,"Order not received, site says delivered.",ollama
62b351528e920480084a0377b184b08e,fc24f286ad7ece4fc7817a96eceaf896,positive,other,low,Everything as agreed.,ollama
8691e97553b9422ba7dc13a10f06efa2,10487ca7dcab9ddc13cd4ee2fe1ef2f7,negative,wrong_or_missing_item,high,"Wrong item delivered, need resolution.",ollama
8f3ebfcd5e5fe4e7b62d17838ad7c0dc,3c224717f735680c865cdb827b6c81bd,positive,other,low,"Correct delivery, good product!!",ollama
227826d381dd5b45045e7d5afa36e186,483a06928959b498933c3b7efe98a755,negative,damaged_or_defective,high,"Poor packaging, delicate item damaged.",ollama
5bc9dc407453b72d2ed022e4105a9197,636cdd02667dc8d76d9296bf20a6890a,negative,seller_service,high,"No response from sellers, payment issues",ollama
362cae91ff2ea2d53785178bcb9f734f,f798a01c8646f8e701280d70b10f84bf,positive,praise,low,"Praise for timely delivery, child loved it",ollama
705e09c249d6c67af71bc2be6698e2e5,3e1f23a0732ed12cf355a855e7b84a58,positive,praise,low,Excellent service,ollama
3dae9602a51dc8d3718190a02d8137d2,48f38d47fa3e594216cbf679a60dc4fc,neutral,other,low,"Good purchase, no issues",ollama
cafbfbc1b35357cd5c2dbf3a079e7355,cc377f50beca76eafcc202f7f770a627,positive,quality_not_as_described,low,"Good quality, fast delivery",ollama
89b5d9ca88b850daf51b45eaf9e48f2e,3bc1ef297e5cc49434e331eea09faec4,positive,praise,low,"Product received early, thank you",ollama
c0e1bbeec590fe39a9e7e18e539f3266,67884ec2877808808c25211dce58689b,negative,damaged_or_defective,medium,Does not fit national standards,ollama
c3c11948ab59fd1b7854a907740004a7,8d07482cc33ee0ef531a83a05b75f61f,negative,wrong_or_missing_item,high,"Second wrong delivery, no trust",ollama
2ef0a97f7e3c2b0e7ec1f43b714ce52e,922acd93e452539fe6833fd485296ffe,neutral,quality_not_as_described,low,Too big for my kitchen,ollama
805bdb0f96e9c48e0e3dd9e1bc26f33c,49cf32489672b15ea441df827b693bfb,negative,wrong_or_missing_item,high,Product not as advertised,ollama
fe626f684e7ca49cfeb4625ab9ef8345,6d1bb6a3257e28040854d87c7984acf9,positive,praise,low,"Product delivered early, great.",ollama
640a2362c470c6006b36ae2b39859859,6f0dec5453c159116c3f8b14133c150d,negative,late_delivery,high,"Delivery issues with Correios, no one at delivery location.",ollama
20b66aa9894da6141d032bf4bf0f7882,b93ffbad842670470ec41f35a317ee65,negative,wrong_or_missing_item,medium,"Product out of stock, refund but no extra compensation.",ollama
93d6b69f6d337449667bad822585db71,9758e655b4d2fca01c69a4dde9d4fb5b,negative,damaged_or_defective,medium,"Panel broken, need to return.",ollama
13a4d6d12fed5ce02d4232218054d6d0,dc06d3b11cf4f6499a6fde2c1beda13e,positive,praise,low,"Recommended, good product.",ollama
560effdc2aaba0ed5d37ed8a98cc6af2,3ef6bcdda6193f8657168ba7e8b3e948,negative,seller_service,high,"Wrong item, can't contact seller, won't buy again.",ollama
42dbe41e73179a583776776f7146005a,9c9504bb506aa1635fb6ad19be9bcfa9,negative,wrong_or_missing_item,medium,"Wrong size, can't contact seller for return.",ollama
a91f4240a7e7f0ce0f6e20870e3e1be8,a3780280bea9cf5034c0d8834b206fde,positive,quality_not_as_described,low,"Product as described, quality good, happy with purchase.",ollama
4cc3444a8fea71ac32a1f60967ca6d43,da406f1574c350c0e265dfa4afa6044b,negative,not_received,high,"Product lost, no information, not delivered.",ollama
30aa72099c89d5e62c3e2fa35d0ab4b0,5429402f55e24651d38a030602f4b50c,negative,wrong_or_missing_item,medium,"Wrong item received, need return",ollama
c905029e825b83aba087f10d106da5c7,eaedbddc7cf568f1b667398781159118,positive,praise,low,"Very happy, grateful.",ollama
d7cbf05434eb13d1fd5a0dd207c165ec,8b08f0e729f58529ed03e763270f78d5,neutral,seller_service,medium,"Product different from website, refund issued.",ollama
433f2177817b7f3c6785b7fa3b7afee6,c23cb80af0f010fd4115ad42f91c7822,positive,quality_not_as_described,low,Good product.,ollama
27b945df2af8cc50fdab7d6a96f162f8,c6b82ae325fa2da7b9344f222b76908c,negative,wrong_or_missing_item,high,"Product sent wrong, returned item.",ollama
4ed340ad75943a552c6900263a315e67,7f9b0e95f333a0afb5cce5b78afa17c5,positive,praise,low,"Great product, highly recommend.",ollama
62db97a46c640426905d92a32373fb96,bc6e05c3335f87caadbcd6c80de46ad2,positive,praise,low,"Liked the product, cat liked it too!",ollama
dc8e10617afef11ea881a93ab59d3ade,b351c57f3466ec0b11aa1696b052068d,negative,wrong_or_missing_item,high,"Missing item in kit, urgent response needed.",ollama
41e45035007fef77a50da525f8b254e9,413acaaa6c5aa063a17bda2ee7e3690a,negative,not_received,high,Product still not arrived.,ollama
c2513198ce19a7aa026b0e80ab64d843,05c852fbe20c108caf9f479633cbe088,negative,late_delivery,medium,"Delivery delayed, cancellation threat.",ollama
765ac8238c85be54e8acc09cedc758b9,ea72383cf738914448322568a400d37c,positive,quality_not_as_described,low,"Quality product, delivered on time, recommend.",ollama
42b904d58a1a5f393e73ae6acfddc3ac,8dd157f9e9b6d962be4a88d78a5c1d45,positive,other,low,"Good purchase, but Brastemp's machine is still needed.",ollama
360df94a293698ff75fcd3779bcca3bd,852d2f4d37773bcbc21c8e09a05a4ea5,negative,damaged_or_defective,medium,"Damaged in front, missing leather underneath.",ollama
21dff7ef6bdf39c8589e5e70299c6cd2,32b72e8b9ce039ddb7a5d884d7b4d30b,neutral,quality_not_as_described,low,"Good product, but expected better quality.",ollama
3d37487cb850644e33ce167ad01acd87,097b96a18f0058373d0f5e3041a27f0a,negative,wrong_or_missing_item,high,Received different product than advertised.,ollama
d4ad207d1b4f0c361edf36898d699517,17229fc3b255deaf774bd892c1673951,negative,damaged_or_defective,high,"Zipper not properly sewn, causing a hole.",ollama
be965a6600b3ff7dec6d032181e9636d,f9022d41bd1362ddd75ad882b31304cd,positive,praise,low,Excellent.,ollama
69abc1b9908a4f7ce1ce48c246043b04,2c885b285dce307562d7f4caae89c6dc,negative,not_received,high,"Product not available, may lose customers.",ollama
f63d2b12d4a5a0c7c878c0d880d2fbbb,57fe0a3ea5f2eab0a68f2f9fac4e10bd,neutral,late_delivery,low,Correct delivery.,ollama
38d4fb1364b2fea2af4dda35745afe38,db7974217c78bbcb9b81412ef8268596,positive,quality_not_as_described,low,"Perfect product, delivered on time, EXCELLENT.",ollama
f468f4c9794e5e865a5aad5827f7bd79,707c32742d844a6836e25e461d6b0e01,positive,late_delivery,low,"Delivered early, loved it! ",ollama
a3c1b17c1a1c5afc44285c50566bd084,73925631ba33c322f310fa0a01283e76,positive,praise,low,"Liked the product, soft texture",ollama
0733fb3adacf65f8967953729981ef80,bb93c6dd59d2881e38fba9891aa63b7e,positive,late_delivery,low,Delivered before promised date,ollama
96f49b07782e6a5dac9373e892a9a4de,9fe00e9962846aa199d29a3c3d086afd,neutral,wrong_or_missing_item,medium,"Ordered two units, received one later",ollama
009253728dc80ecc5294cfc726fe6b8d,d79ade6e8f673b2bff8995540f1e468c,positive,late_delivery,low,"Liked, delivered on time",ollama
e4969ca49bd69a19b492e011fc8e0f48,41d047e77cc83775301117a02c15b4ca,negative,damaged_or_defective,high,"Delivered on time, but with marks, missing accessories",ollama
38771b4c2d6eb43020ce603f400d109e,455003334f4430e9e9e902199bcecbcb,positive,seller_service,low,They fulfill what they promise,ollama
6e650a852e77d9f5c79392e4853745fe,17e20d649f47e02e332aed60d2937038,positive,seller_service,low,"Liked the service, on time, recommend",ollama
778f61616407dc2cf683ae317411a13c,3be2b03f32e88489f49c64de449e6d98,negative,damaged_or_defective,high,"Incomplete product, poor quality",ollama
1110fd4c2db3d0f9df542b46aebcbfbd,dc9c5e38f7f39900731ed6c79a2c4849,negative,damaged_or_defective,high,"Received, but bag strap broke",ollama
e71a72bcfcdb675001de2017908c3824,371a5e62da258e95c3cf015f28350f06,negative,late_delivery,high,"Very slow delivery, pay for pickup often",ollama
c9926f1db3e85e3f217c37710055f47e,a4a4243e6aa0b17774fc8f9c4ebc9fd0,positive,praise,low,"Love shopping here, easy and fast.",ollama
cddf449da6cee1acacbfdfd7d75dd3a3,b706ae4c6c85939c824f9ce25ae11884,negative,quality_not_as_described,low,Not original product.,ollama
c0473892fab009542c6011cd80cc919d,cd327d6285b9ec84417e1b5e76bd97ff,positive,praise,low,Perfect in everything.,ollama
85c2b5cd3588fe49304e20c34b8a7287,f599acb00d4cb6e90d83d34a56c71ded,negative,damaged_or_defective,medium,"Imported product, came with defect.",ollama
656585c1dde315ff1cf925b44e2e8c2f,6f64e74ecd4ed3196bd31cf14d1967bd,positive,praise,low,"Excellent quality, arrived before deadline.",ollama
15edcad8e189cc99fedb575bbb0612f9,11052b4dd49ca81b1e7c63d562759b40,positive,praise,low,"Loved the products, fast and well-packed.",ollama
870c1a1f2c666e7344ea4decf153317a,eb83ac4a729f0654750730aaa35bdf59,positive,seller_service,low,"Excellent service, recommend to all.",ollama
161467fcaf5611b6832ab8fbe6986a11,d8159fecf6cf88c5f33174f70c304037,positive,late_delivery,low,Very fast delivery and well-packed.,ollama
7f66923980e20f3430d2a91130bfbd8e,06c28b87569a91a7c96e7f62e828827b,positive,late_delivery,low,"Very good delivery, received in 3 days.",ollama
28ab423243fe6f6eebe7f4502300576f,f35ddefd9f69ce48e6a38a12b97ec26b,positive,late_delivery,low,Received before deadline.,ollama
344f357394de6a300fa5a865db21c668,042e247be09aeae88a74e35766aa03ca,negative,quality_not_as_described,medium,"Price and quality issues, double shipping",ollama
897a69d87dd03229792971dc265bce68,4f6daad34df49e10c8072b33faafcb2a,neutral,other,low,Hasn't tested the equipment yet,ollama
dae88b153a3a0b207707aaaae24b817e,1df35a8f4e554dd3a4752f22e3c15a63,negative,not_received,high,"Product not received, no response",ollama
64c4fd490142ae171e313ae4d68eb94b,6a1281fec373ae8c10471045ecf91fe6,negative,quality_not_as_described,medium,Product much bigger than expected,ollama
62901ac95e0504a2911d5bce67af78bb,f7f46af81b7c22c74b8d97f38a8adb5a,positive,praise,low,"High quality, beautiful print, recommend",ollama
2afb8b2ca07fe42704c2728149939f4e,07808f3f87407774955a7ceb2f4fe5d2,positive,seller_service,low,"Fast delivery, very satisfied",ollama
503f504e7d0ab093fdb903838c4b5e98,f6ed6898419c893a57cd88e7dbbdb2c7,negative,not_received,high,"Product not received, inquire about delivery",ollama
2e56674aa72757a9c730a5886e3b210a,3b075cdef3ce549b7e7b8d6b4678ebd8,negative,wrong_or_missing_item,medium,"Incomplete order, missing items",ollama
1d4f493b0fc2f3c19ff62dabc9504129,f76d5b8ea5928ea9b289b5f485e4846a,negative,quality_not_as_described,high,"Fake offer, don't buy, no delivery, no product",ollama
1b7c61ef9455326d8ed1d9b7444a183e,266e6e41522572e8bc4068738beaef07,positive,quality_not_as_described,low,"Well-packed, high-quality material",ollama
59d308543acf756d3e4c700104708e66,244483646327ebef66c8377c1184c598,positive,seller_service,low,"Good service, quick purchase, safety.",ollama
693794ee55015ff3ec1bb1e70a388012,b0d99560d7b147f5cbc4a4961bce663c,positive,other,low,Everything as agreed.,ollama
57d8f9f55a9847fbe7cdacafbaf5f8f1,7b368eab51e8752cd22b7a851e8be248,positive,praise,low,"Great delivery, beautiful keychain.",ollama
8db9d643eae79d7dcbae7650c40bc3cd,e221ce99afbfcb8f74f80a788755f32a,neutral,seller_service,medium,"Correct communication, some issues.",ollama
2af6d67a84cca4cddc09d06b20691805,6ccfdcda6bd1ef7cee86cd6f6c4b8bee,negative,damaged_or_defective,high,"Wrong product, had to change, still waiting.",ollama
3e2172046187e6f0286f1765fa03588c,21387c13929b880edc728f519f72f0ae,negative,damaged_or_defective,high,"Product fraud, still waiting.",ollama
0338d7a37dc97f90a7f3f1896bc253a8,6d46c95c090a478e52c89008e729bea2,positive,praise,low,"Good product, reinforced steel chain.",ollama
b5895dc6f83b2676b85cc5710fa75c6b,67c8fda9d347535e923f93614f2b44e0,positive,other,low,Great purchase.,ollama
cef1ee03ded4d6272894a2eead6e1328,2e7a8482f6fb09756ca50c10d7bfc047,negative,late_delivery,high,One month late delivery.,ollama
9b54667d73a27139c1bb65ee18006cc4,216ffdacc032ce8a108cc7c01f4ab9a4,positive,quality_not_as_described,low,"Good product, fast delivery",ollama
2464e0bf2ea1b52aa5552b70e5a10dfa,a12c7cc529c689355b84f45a8992971d,negative,wrong_or_missing_item,high,Wrong model received.,ollama
8b8c3b39b3057fb27658228cc4ada530,5f3cebe9eabcc0a419086cf3bf38d74e,negative,damaged_or_defective,high,Products damaged during shipping.,ollama
6103ad2788c9a80731b27eaa82bafdd0,8e7fa56d527246ac36501c8bb7dc1acb,neutral,other,low,Everything as promised.,ollama
fc807eb95a66cbb2f90115f32dc41de7,eb69b189eff3d0b2c623ced020983c03,positive,quality_not_as_described,low,"Beautiful product, but late delivery.",ollama
86795b162df60a67317578b6cf1b63b4,15666ae129eff99b7d7405a5023b0d3a,neutral,late_delivery,medium,"On time, good product.",ollama
b14fdfea07c8fb50cccaec716777546d,36a5fd80b9f8ee414ac234368584a876,negative,damaged_or_defective,high,"Product damaged, returned.",ollama
206fcd0c7e9d3248ff891f31205ae6ee,d6cd9d63e25452e0278cb6eeed08de6b,negative,damaged_or_defective,high,"Product arrived broken, trying to return.",ollama
a6f8e63866086fdc983ba219c08eb04e,5c3478406a9223b2b32d6ab8e0334441,neutral,praise,low,Love buying from online store.,ollama
9bbe21722b64da4cdccd04de7cf89a73,1f68afd1b515cc9202ccaadf56181d57,negative,late_delivery,high,Not received on scheduled date.,ollama
8bb518b99d58c23e2fbd8f0246be8c18,c765342582f1d08f16285fb827f88b1b,negative,quality_not_as_described,high,"Counterfeit product, fake EPSON ink.",ollama
690ea9f9a65c531d955b124083a3a6a5,8b5058499c412c6cf8d013de40e4f9d2,neutral,late_delivery,medium,Delivery date is 18/05/2018,ollama
a12bbfdc4fc641eb8ee88259886ad1c8,574fdfb0b81b1cbb8e00b1630abf24cc,positive,seller_service,low,Delivered well before the deadline,ollama
5559b271eb70dda6af454e135dda3b69,ed7b2aa82a62a84abd2c43e68d6fccfd,positive,seller_service,low,Fast and efficient delivery,ollama
25e763e90343211b843cee36381d6ace,27cbba95b3a45285af049060be4d4d10,positive,seller_service,low,"Good product, delivered early, excellent seller",ollama
66b3ea2c8ccfdb95998ed5c76862fcf3,313c8d52d3e2c7c1fa9e1e1882171a24,positive,seller_service,low,"Correct product, delivered early, congratulations",ollama
a8c7704734926f8766964e4cc5ff6880,374fa6a5abe1f7de3edd2add780eb791,negative,wrong_or_missing_item,high,Received a 16-piece set instead of 20,ollama
2ad38cd60f746fecfee791c885372916,d18941a914e7a203e714a20432c05a35,negative,seller_service,medium,"Good service from Logística Targaryen, bad from Correios in Itatiba",ollama
f4c7da1f6e31950b0b34ff38e9c5a1b8,d43703ed017fdf31282e58bc07edb65f,negative,wrong_or_missing_item,high,"Received only one unit, bought two",ollama
e0e2ed672de530961e336356365ec36d,a434358927e93bb6e639e7f0b9355e8c,positive,praise,low,"Great product, I loved it",ollama
8301202c9d5d3d4e8a017ee71465d98b,3c8702d3b056de079d6cdd6ee1ffeb55,negative,not_received,high,Still haven't received the product and no response,ollama
c703ad4c01f64e03217e9029336587d5,db06ef65b157c381358ccccdfa3d1aea,negative,quality_not_as_described,low,Product inferior to 2017 purchase,ollama
90ecd786d94bf6d747441e6a0866c994,db398b78388fa1c67b3a505ea123c001,positive,praise,low,Very happy with quick delivery,ollama
12386703bc3b7867bfaf338c78d7b780,d8620e7ce05898d127530e10ba2c78f7,positive,praise,low,"Great delivery, praised",ollama
e036988e2805132c2c1f93fca3ae0861,cb83b3b35a2362f3a560b69d959b6732,positive,praise,low,"Good quality, on time",ollama
bf8ad702d153b8c1c73328591242c7d1,3b4ad687e7e5190db827e1ae5a8989dd,negative,not_received,high,Product not delivered,ollama
87b70b615b6d5bc1bc7a6e5ccc6dc6e9,b9a422aebaeb3396ee0b761b10c0cc08,positive,seller_service,low,"Late due to stock, but resolved",ollama
93c3fef88ac8b6bec701acabba96c4b2,2c5062288b23a8e2573c428a2a3d1837,positive,praise,low,"Beautiful, high quality, recommended",ollama
ee1753b925a39250e5abe7d3d2224ecc,64ba7f5f2b493323d5dae1634f812cb5,positive,quality_not_as_described,low,"Working well, on time",ollama
3f9711b1b0956019d81a79704e99fd40,d0b9b4ddffcd1fe48c13d9fec485302d,positive,praise,low,Long-time satisfied customer,ollama
954560462db3380721033b76fd9c4f20,179e23361d372901e40a92f8c29bd61d,negative,late_delivery,medium,"Still waiting, late delivery",ollama
e20ae0855757cb01f251ffc1df26b3a5,1d211ed3ac0f4b3a52d4fb038f02da04,negative,seller_service,high,Last time buying from this company,ollama
b1a335df57343b993b719956ce25aaa0,eb785b1fc66ac703e6801aef45d2397b,negative,late_delivery,medium,"Second product late, first one returned",ollama
0cc13e5aa92659708aeed09e1e0be9db,b0b2dcb55905f3403fcee05a780bc952,negative,late_delivery,low,Much delay,ollama
297292ce8b330c2b8f7e330c7dd06079,446d3eee7dfa0cb1844584b53bc37cab,positive,praise,low,"Thank you, product arrived in perfect condition",ollama
65d319ecc85fdfb6bf7a8dd255c07e38,d51efba225d758550821c63b23bcf48b,negative,damaged_or_defective,high,"Product not working, can't contact seller",ollama
788339d70635cde24288ced49bf77864,55cf955cfd4e236d76710709a400f845,positive,praise,low,"Beautiful, everything perfect, only delivery tracking needs improvement",ollama
1581b8f985d4eaa73bf2dd4d83e67369,89de41fe841ea70c375e551ad85ecfb6,positive,praise,low,Strongly recommend,ollama
2968e46e7843c288808aec153f47c708,dd95d0db9c5b772bb855486678dc8a87,negative,damaged_or_defective,high,Product arrived damaged,ollama
d30d0031e1085d4d2d16d639e2b3da88,0e903df9d14796df715e2f6cc52e2c1d,neutral,not_received,medium,Still waiting for product delivery,ollama
3f5a00fd3278450c35cdbeb189299830,441c50254b975f2cf7ccd3583a01ed5e,neutral,late_delivery,low,"Arrived before deadline, had to pick up from post office",ollama
25221da0445effa317b59cceb2ff2371,22959002637f051e9409b93827d07973,neutral,late_delivery,medium,"Late delivery, should have been to residence.",ollama
7a4b6f6cec8d69593cd87c73260b906b,9fcbcb4a0b2d62715ac988b220c621ec,positive,quality_not_as_described,low,"Delivered early, very good.",ollama
ae3ce718c192fc6114d4a1db192ff2ed,4ce809baf1b96894592348ee63179754,positive,praise,low,"Very good, useful, everything arrived as expected.",ollama
e85566abee8fadfbb241d67aff43f190,f8fd25f70b750575ff9e8a348ee15692,positive,late_delivery,low,Delivered before the promised date.,ollama
7a81b67acd80cf74901c5e49893b49f8,e547c4009f2792489ad11ee1d89d13de,positive,quality_not_as_described,low,Very good product.,ollama
c03a228214467a35258ab52a6b7903a0,056c24c33a180450cff18b5a17404725,neutral,not_received,high,Still haven't received the order.,ollama
ffc17a5c05d0802db7811dd800e99648,3bece71a0ce79d5d8945d9d665e5164e,neutral,praise,low,Good store.,ollama
1337a3e7138abeca4edc2018f3ddd951,6b0bd2c2e59c7fb169874fbfeed4441a,negative,wrong_or_missing_item,high,"Waterpik wrong voltage, can't contact seller for exchange.",ollama
e42f269a8a2e0541af042056181bb0c1,f9ae26d365fbefe7d1d7510effa84d3d,positive,quality_not_as_described,low,Excellent quality product.,ollama
3ff6c72bf600da5739ae36a7679f82c5,701497f084be73caaae3efa1dad2422a,positive,quality_not_as_described,low,Excellent product quality,ollama
ee546aab7befb3fe7e482f38a9cd7d9c,29167b624a7980a896eefbf16c7c3974,negative,damaged_or_defective,high,"Product arrived damaged, waiting for response.",ollama
a9abb41d8e871c3ab575e6faa62234af,3d0ad2666f5de49d63ad8ed0af80d3bc,positive,praise,low,"First purchase, very satisfied.",ollama
188d1e63b81f41613f57b12a9cabf784,7c0d40604f9f50fd1995e4f27c08d0d3,positive,praise,low,"Liked the product, good quality, recommend.",ollama
61ed22cda7a2f8d7f4d6ca8650a5fe02,8671a823b060d2231452ea27699558a8,positive,quality_not_as_described,low,"Good product, arrived on time.",ollama
7b52bce73f361bb2ee61651bf669ab46,1638195b2d78db679e9469a879279212,positive,seller_service,low,"Always buy from Lannister, good quality, love the price.",ollama
efcffa6b170981f9db39ee34f9916d6d,99330d45c3ba6f45ad5745f6de036c5f,negative,wrong_or_missing_item,medium,Missing a diffuser in the order.,ollama
5eeb6ce739da120cd459f62885a5dde1,914850b13acc6b7b75bed132fcc7d0bb,positive,praise,low,"Excellent store, arrived early, daughter loved it.",ollama
c3c8ab0afed14a2ab7a749765ba790d7,6c2387fc5fc6d5e9a192766eb6e75da5,positive,other,low,Satisfied with the purchase.,ollama
b1e7afe68a2dc955f201f36160a509bf,f36aa133ca7706c333252a46fc0b36e1,positive,quality_not_as_described,low,"Better price here, no issues.",ollama
c6031c3e59cfb8eecb829d564f80c106,9704b8f76b77e74be19dd79d9371b6b4,negative,not_received,high,"Product in another city, can't pick up, paid for delivery.",ollama
7874a1432aaa31345b56f19818bde5a9,b11b91d4d8e53e6149e2df599f5335e8,positive,praise,low,"Highly recommend, excellent product, on-time delivery",ollama
49e59e3aaaccae4ebbd63ca6662fa71c,3bd5b8bba961482f0f6c2e3502ac63bf,neutral,other,low,"Expected more, a bit disappointed",ollama
96c4cb4bc3a4c3dc2d32e71447fe6ecb,2dc8ae13ff86f4dcefb60ddfbaf43df8,positive,other,low,Fast delivery!,ollama
edd17f93c7a52c9b5627a52fa7fa0961,a055f8239d18a2008883be78eb09cf41,negative,damaged_or_defective,high,"Broken product, no response from seller",ollama
cee244a1b7becb9f70ab2f87194dea0e,31cee66926e60ce4e5af0e4b9e2886d7,positive,praise,low,"Great purchase, very nice watch",ollama
bf68f0bf31e736b53bc366e7b7b4277f,47fd73d4c6ac6514ecb8b7429d90d0f4,negative,not_received,medium,"Awaiting product, no updates",ollama
741349cb000a30501ec46c677241b5aa,1bb2f9c66f255ce7f266291901ba9c26,negative,wrong_or_missing_item,medium,Missing 10 rolls of labels in delivery,ollama
df30669c392c69af125902688c2b6b64,1955e6384cd6fc6cb02799b1e458b2d7,positive,praise,low,"Recommend, product as expected, even bigger",ollama
183ef5f57ae1676eb824da9d018f9812,28a9bfa90eb24efe91bfc50b7cc1b4d1,positive,praise,low,"Recommend, correct and bigger than expected",ollama
e5c98feeb3c6b706313fe9dc35c885f9,66dd200c66aaf1ba827ed694617b9ae3,positive,praise,low,Received well-packed and on-time product.,ollama
b035c46fcdf5795bf0cdae834d4f392f,a6ee9db107e8fd0fc14d99be85503396,negative,wrong_or_missing_item,high,"Wrong model received, out of stock for exchange",ollama
89a4ff077182a282cc6474a23f711b49,ac51a8c8ea39e6dfa53f10bdc73d531d,positive,quality_not_as_described,low,"Product as advertised, quality excellent",ollama
3f16bcba53d04b019bb45fa1b738d9a9,acfd4e73993d49708599a826d48978dd,positive,late_delivery,low,"Delivered earlier than expected, praise for seller",ollama
5a76f53bb8889dcccc4c3421aa638925,1195a0ed33785e49b236c8c06a9b751e,positive,seller_service,low,"Seller responsible, met delivery deadline",ollama
c7781fbecabb290532e1a9b8f787e6d3,0933fe2645eef2cb8ca4aeadb9d3834b,neutral,praise,low,"Loves shopping here, no issues",ollama
7b28aef45609892263415c7cd2da880f,5abfc2c21926dd42e4e2a94abd87e23e,positive,late_delivery,low,"Delivered faster than expected, always satisfied",ollama
3f016a70ae6a9a2f9df541466d55ca1e,89c037e2b749a2ed5e9e1219189e241e,negative,wrong_or_missing_item,high,Only received one of two ordered,ollama
6c49563f8fa34a5c1b33919bf9748bed,f119f2d71c96714540bb893bff51e122,negative,wrong_or_missing_item,high,"Received wrong product, does not match order",ollama
587ba013d4e7fececa551111cb749fc7,1131e3e4aa9fba7bbfbb2acb07718ea1,positive,late_delivery,low,"Delivered very fast, very satisfied",ollama
71ddbe2c1397bc74c414f4e7a44f9475,2909debcb57debbbdfe7034eaf7b28bc,positive,quality_not_as_described,low,"Excellent product, no issues",ollama
6860cfc61023d8d05436c1af4b657879,a00e6f85d3ec7f1d81197fba0052db04,negative,seller_service,high,"Poor service, bad treatment from seller",ollama
ffa9dcc605393c4ed10ff13d843b1200,86fc1ff8e36ed9aa98ba49bca26d44c3,negative,not_received,high,Paid but didn't receive the product,ollama
7fe605b287146b6a20d6189918e8d859,6299705212aa08256a85fb33aecfa7ac,neutral,other,low,Satisfied,ollama
9bf366bcf9b879a52e78008e7874e2d1,aafd24ce72f716e644f9d4012e1afcda,neutral,other,low,Very good,ollama
abeeab7db29524ad6fff9b3c1a0c88d0,855a174fc0471c4ddf1a01a131c9cf6d,positive,praise,low,Excellent product,ollama
6d264eb283921838c33401432e6eaa71,8339b608be0d84fca9d8da68b58332c3,neutral,late_delivery,medium,Products not yet delivered,ollama
bda669d22b08c137982c8028a4c6bcc2,54222af95be89a263082f3998e8bf8a0,negative,damaged_or_defective,high,"Expired product, cannot use",ollama
eba9ae334beb044f1045c073555df70e,fd95ae805c63c534f1a64589e102225e,positive,quality_not_as_described,low,"Excellent quality, as expected",ollama
4fe8b2665e1eae868b729a5b3149228c,caa18d06d1387d719412906fd4cb2063,positive,praise,low,"Beautiful, exactly as imagined",ollama
0cf2a209a2b0daba130c5366a8c56e39,a2ff044ec5d43bc7a284932e85a15049,positive,praise,low,Good pan,ollama
57881810182b6a76397db25586c6b667,095234196e1f3c4feadc4dca677b3971,negative,wrong_or_missing_item,medium,"Only one item sent, waiting for store response",ollama
62ef7e1470149fb9a05753520caef577,3a7ca38e787a31a356329fad4b45ac35,negative,not_received,high,"Invoice not issued, want to cancel order",ollama
b76a9e8c3ee1d703dfda4aabd1b7fc57,a92232b41fcd16d21f69ff9d11648bbe,positive,praise,low,Great product,ollama
94284941c9afacb60342d3c0869924cc,6ebd87c68b43c9ab7c98930b4492dd1b,positive,praise,low,Everything went well,ollama
8fb84204dce8a11667be6dd3fdfd479a,656ada45a719393ba3e97d8d9e2ef750,positive,quality_not_as_described,medium,Product met expectations,ollama
f5af5aae02cbf7337488982414158fce,504a90faaf31b2457b86f7179a6bd79e,positive,praise,low,"Love buying from you, recommend",ollama
5e8cf40b4400760c62e1a3e99683c0c9,013b811ba81339b7634ab5231c547e6a,positive,praise,low,Good product,ollama
898e8f3e52caa63be2db89cf5f34d557,6906fe84ef6a10af6e321d71c7b46ed9,negative,damaged_or_defective,high,"Product doesn't fit, want refund",ollama
cbfe6cbe7a33d2bed74376fc4cb416a8,178a25841b0490cf789963c9a98cac1e,positive,praise,low,"Cats loved the toy, recommend",ollama
0ba0eb2b255cfe3925088677a49add35,cf5439c6b13deafe107ecca7dcc58b80,negative,late_delivery,high,"Paid for shipping, want product now",ollama
871f31c05a72c0ae53448ee1b75dff3f,7a82d6437abb93a8fb527f64e86cd407,positive,praise,low,"Successful transaction, all good.",ollama
c7602d7e1c9718d0fbe0c54f3ff39789,0c41f512e2783cc1d84227b9afee153d,negative,wrong_or_missing_item,medium,"Invoice value missing, only part of payment received.",ollama
0c04f25c0c226ef93da3dca8dc356800,50cd705ea531362cb179d7fbf877344c,positive,quality_not_as_described,low,"Good product, delivered on time.",ollama
c1f96ec083a4dc99ca2457d897d5a79f,5f89e6b3012e74ef28fb09e73d8ae01c,neutral,other,low,Promised as agreed.,ollama
36f8a1c56d531d150db2da4853217e53,b662aa8d6c39f00e854cd5142e2b1174,positive,quality_not_as_described,low,"Delivered early, exceeded expectations.",ollama
19ea28369529c76a0a097d29c9708651,1acbcc1d765cecf7db32b44062d5dd16,negative,late_delivery,high,"Over a month late, still no product.",ollama
676765c48a132ba456c2b22509aaadb5,7c9b7626c3fcc8aa638ece47810323b2,negative,wrong_or_missing_item,medium,"Ordered 4 pieces, received only 1.",ollama
d7b8a6b7f6b8bff63a3983f1d4175ee1,27fee5c620c806ed4f239ed553fca699,positive,quality_not_as_described,low,"Delivered on time, in perfect order.",ollama
3942b2b8aa378e35f33f923bc40f6d0e,bb8b0de6aab45a9395bd46092865b6ef,positive,quality_not_as_described,low,"Delivered early, exceeded expectations.",ollama
034ce0925a7fd303b622c2b0edb855f8,d98c008ab7402c99b12dc051744284e8,negative,late_delivery,high,"Still no product after promised delivery date, no contact.",ollama
6d6ee4728f8fa452f57a43b5f7ea9c81,78902e5dd1f843cd182f10992137777b,positive,praise,low,Great product,ollama
cf597935a9b59d884ed9e446beaf75d1,a7547df661853b46be845a86e17e525b,positive,praise,low,Very good,ollama
b92fd4a7a4476609dd42dbdc92874662,09ebfabd9f6552771f5d90e099fa0738,neutral,damaged_or_defective,medium,Product arrived damaged,ollama
1c481b7cc2949a1d699337f1bed766b0,84aa61a900410cfe26b57337d376a1ae,positive,praise,low,Recommended product,ollama
036963bd2c4b9a231d2a7079bbba47a8,56c342adb8f074b20da098539a429d68,negative,not_received,high,Did not receive the watch,ollama
7e4206ee5cc21a05f5711791e1048200,928cc774345b405181cc07ab2497e930,positive,seller_service,low,"Great partners, congratulations",ollama
97497687d92d7d27781f09f108386685,27a9505321037616d2e112a11760adcd,neutral,damaged_or_defective,medium,Product arrived wrapped in bubble wrap,ollama
ff567080acece4ca05ad72d6940d9d12,cebc01d93a6f61df440ecaeb708edb5d,positive,late_delivery,low,"Delivered early, recommended",ollama
52d021731969385ccacd81288c54d9e8,d60a89ab9bc1e68834465ae630c3343e,positive,quality_not_as_described,low,"Excellent product, arrived perfectly",ollama
531f9c6ada3f37c2da7bd258e52828ca,315b9425e90b7a5012b6da9d68641e1b,positive,late_delivery,low,"Delivery before schedule, recommend store",ollama
43d8e78966af9a8945cd778a29cd4ee3,fb20235870d6172778522e8fb798f27c,negative,wrong_or_missing_item,medium,"Ordered two toners, received only one.",ollama
46bfb3203befc211c0947d6081d17b73,f5327a56946560898f7ddeb8a9ad57ae,positive,praise,low,Great product.,ollama
12602086505e9334345b3a81db10079a,c7a148eaa21451580d307090417eae25,negative,damaged_or_defective,high,"Product doesn't work, suspect it's defective. Requested return.",ollama
b0ee4699306c7645dcefb333c3dbf1c6,856fc8f6f0843d1f0de271cfd64e6cc4,positive,praise,low,Very good product.,ollama
80a0c2be971838f9760bb94951e8c861,c0c08274d7ff03824cbf0377b2a9db63,positive,seller_service,low,"Perfect condition, very fast delivery. Thank you.",ollama
390474a97348d1d96684c7b2db1c3c34,a29af77084743dcf5b484cd0c19daa9b,positive,praise,low,"Beautiful product, very good, really liked it.",ollama
feb67056adfdd14de49535feb6a60dff,e05c5dd39353fdd625c7896938767124,positive,late_delivery,medium,Very fast purchase and delivery.,ollama
7aa2d4e5d17fea931b9e7f62ebd59ad6,a50b31b881b695923b9ebb3685cf9684,negative,late_delivery,high,Product not delivered on time. What should I do?,ollama
4725a2fbbfee4c39d6fc040eb7fbacca,baa6bf9e45e84e1d9659e246e9f99146,positive,praise,low,"Excellent product, very competent store, delivered before the deadline. Always good with me. Congratulations.",ollama
83fb68a268ac4012b48521cad2540617,bf73701b5b5b3896c9530b11ec89e8d9,negative,late_delivery,medium,"Good product, only complaint about delivery not to my address.",ollama
8a2cafc6b27b235c8b83974d7458b164,9fe292254834c701a4b05deafecba7b8,positive,other,low,On-time delivery!,ollama
9ef8d9181f6f80ef34158f92d9c75360,12ef95248b875f8d5b8816bd3f281cd1,positive,praise,low,Very much liked it!,ollama
7b2ae7a7b8930d783c4cd39d1033f431,9d5d3058706c16d0557d9b43c95ed70e,negative,quality_not_as_described,high,"Deceptive advertising, poor quality!",ollama
41cc315c1e797873899c64f39c5eab7e,98b44f8fc418ac64b3d764d949a94cd0,negative,seller_service,medium,Missing voltage info on packaging.,ollama
ce68db80d80267c04096e59a65a6b18f,68415d57efd64c95acde8ec7720ebbe2,positive,praise,low,"Good service, as expected!",ollama
8ccb6f10802a0a4341f9a339cdc7f715,128eab471caa0f101433f172ca9041bc,negative,quality_not_as_described,high,"Poor quality, leaks a lot!",ollama
213c27113a17ec15c780dcd1c5174f5b,8e6f75525b0560b96f0391f462dbb959,negative,seller_service,medium,"Incompatible with iPhone, misleading!",ollama
26afc2fbc7c9b9b5a6716507932115ee,069ba523744cdda8bdd148d748540487,positive,praise,low,"Great store, excellent quality!",ollama
1f997992c19d44fe5049ec91f13ccd34,4082016610cd8b53add011fe068c04b3,negative,late_delivery,high,Very late delivery!,ollama
7cfed10c958bd4ee24d258f6c36f3281,e69e2290db6b2d3b7593a40112e1a82a,positive,praise,low,"Excellent service, as expected!",ollama
8876f38fa84409e42121fdc22d907e07,68047069acb8883614bc980ad28ae9af,neutral,late_delivery,low,Delivered on time.,ollama
997a7846ec9920be594bcdbc63f3bcb3,c76a39319cf13b7f3b9e3bded3315f86,positive,praise,low,Keyboard and mouse work well.,ollama
a3910da9db422ce438e20443d07d90aa,711a14d38a221a3d744f33b8b8e78981,negative,not_received,high,Did not receive the order.,ollama
c0e7d454f2a0c484785d15034db90244,678ec27e8a4c8d92384bd0834f21b308,neutral,damaged_or_defective,medium,"Defective screw, had to adapt.",ollama
0ea35bac39e87cf91b577989bd200fde,6e6636cab2d96091d69a657c2c4a0890,positive,seller_service,low,"Good product, good seller, recommend.",ollama
ea18499b2b2e87e3d5e3eaa2c383e3f9,a2b4be96b53022618030c17ed437604d,negative,late_delivery,medium,"Late delivery, no reason given.",ollama
5074321016164859ebc47ad169e4f635,442da52f7e1c635406d2ed070bf1c358,negative,quality_not_as_described,low,"Product not as expected, cheaper than expected.",ollama
25d20f2bc1a5f9d0c05adb8e7e76e475,a7ff25f0e4f6914216004204460f5797,negative,late_delivery,high,"Late and dirty delivery, upset.",ollama
9d93348ed66639e3d95d3830c9cc44eb,38fe76b8f86dd618f6647bb4f23d57de,negative,quality_not_as_described,low,Sticker pattern does not match photo.,ollama
8236417ad9cf970573cf2dfdacec47ce,093b4a025c91a570d1f3b60d428b60a0,negative,late_delivery,medium,"Multiple orders, late and separate shipping.",ollama
